#ifndef MEP_ICON_FONT_DATA_H
#define MEP_ICON_FONT_DATA_H

// Symbols Nerd Font Mono, subsetted (fonttools pyftsubset) down to only the
// ~59 Private-Use-Area glyphs mep's own icon set (main.cpp's kIconCodepoints)
// actually uses -- the full font is ~10,000 glyphs/2.5MB; this is a couple
// dozen KB. Regenerate by re-running pyftsubset over a Symbols Nerd Font Mono
// release (github.com/ryanoasis/nerd-fonts) with --unicodes set to the same
// codepoints kIconCodepoints lists, if that set ever changes.
// SPDX-License-Identifier: OFL-1.1
// https://github.com/ryanoasis/nerd-fonts

static const unsigned char kIconFontTtf[] = {
  0x00, 0x01, 0x00, 0x00, 0x00, 0x0c, 0x00, 0x80, 0x00, 0x03, 0x00, 0x40,
  0x4f, 0x53, 0x2f, 0x32, 0x49, 0x57, 0x84, 0xcc, 0x00, 0x00, 0x55, 0xe4,
  0x00, 0x00, 0x00, 0x60, 0x63, 0x6d, 0x61, 0x70, 0x44, 0x8d, 0x56, 0x95,
  0x00, 0x00, 0x56, 0x44, 0x00, 0x00, 0x04, 0x04, 0x63, 0x76, 0x74, 0x20,
  0x00, 0x44, 0x05, 0x11, 0x00, 0x00, 0x5a, 0x48, 0x00, 0x00, 0x00, 0x04,
  0x67, 0x61, 0x73, 0x70, 0xff, 0xff, 0x00, 0x03, 0x00, 0x00, 0x5e, 0xfc,
  0x00, 0x00, 0x00, 0x08, 0x67, 0x6c, 0x79, 0x66, 0x68, 0x6a, 0x23, 0x41,
  0x00, 0x00, 0x00, 0xcc, 0x00, 0x00, 0x53, 0x98, 0x68, 0x65, 0x61, 0x64,
  0x1f, 0xb3, 0x0c, 0xac, 0x00, 0x00, 0x55, 0x04, 0x00, 0x00, 0x00, 0x36,
  0x68, 0x68, 0x65, 0x61, 0x0e, 0x69, 0x05, 0xf0, 0x00, 0x00, 0x55, 0xc0,
  0x00, 0x00, 0x00, 0x24, 0x68, 0x6d, 0x74, 0x78, 0x17, 0xe9, 0x07, 0xf8,
  0x00, 0x00, 0x55, 0x3c, 0x00, 0x00, 0x00, 0x84, 0x6c, 0x6f, 0x63, 0x61,
  0xd1, 0xfe, 0xe2, 0x4f, 0x00, 0x00, 0x54, 0x84, 0x00, 0x00, 0x00, 0x80,
  0x6d, 0x61, 0x78, 0x70, 0x01, 0x05, 0x13, 0x32, 0x00, 0x00, 0x54, 0x64,
  0x00, 0x00, 0x00, 0x20, 0x6e, 0x61, 0x6d, 0x65, 0x19, 0x9a, 0x33, 0x31,
  0x00, 0x00, 0x5a, 0x4c, 0x00, 0x00, 0x01, 0x62, 0x70, 0x6f, 0x73, 0x74,
  0x85, 0xc2, 0x51, 0xf1, 0x00, 0x00, 0x5b, 0xb0, 0x00, 0x00, 0x03, 0x4c,
  0x00, 0x02, 0x00, 0x44, 0x00, 0x00, 0x02, 0x64, 0x05, 0x55, 0x00, 0x03,
  0x00, 0x07, 0x00, 0x2e, 0xb1, 0x01, 0x00, 0x2f, 0x3c, 0xb2, 0x07, 0x04,
  0x00, 0xed, 0x32, 0xb1, 0x06, 0x05, 0xdc, 0x3c, 0xb2, 0x03, 0x02, 0x00,
  0xed, 0x32, 0x00, 0xb1, 0x03, 0x00, 0x2f, 0x3c, 0xb2, 0x05, 0x04, 0x00,
  0xed, 0x32, 0xb2, 0x07, 0x06, 0x01, 0xfc, 0x3c, 0xb2, 0x01, 0x02, 0x00,
  0xed, 0x32, 0x33, 0x11, 0x21, 0x11, 0x25, 0x21, 0x11, 0x21, 0x44, 0x02,
  0x20, 0xfe, 0x24, 0x01, 0x98, 0xfe, 0x68, 0x05, 0x55, 0xfa, 0xab, 0x44,
  0x04, 0xcd, 0x00, 0x02, 0x00, 0x82, 0xfe, 0x66, 0x07, 0x7e, 0x06, 0x66,
  0x00, 0x11, 0x00, 0x48, 0x00, 0x00, 0x01, 0x0e, 0x01, 0x1d, 0x01, 0x11,
  0x15, 0x14, 0x16, 0x32, 0x36, 0x3d, 0x01, 0x11, 0x35, 0x34, 0x26, 0x23,
  0x01, 0x27, 0x22, 0x06, 0x07, 0x06, 0x02, 0x15, 0x14, 0x1e, 0x04, 0x33,
  0x32, 0x3e, 0x04, 0x35, 0x34, 0x02, 0x27, 0x2e, 0x01, 0x23, 0x22, 0x06,
  0x15, 0x14, 0x16, 0x17, 0x1e, 0x01, 0x15, 0x14, 0x0e, 0x02, 0x23, 0x22,
  0x2e, 0x02, 0x35, 0x34, 0x36, 0x37, 0x3e, 0x01, 0x35, 0x34, 0x26, 0x03,
  0xfe, 0x3e, 0x58, 0x5a, 0x7e, 0x5a, 0x5a, 0x3e, 0xfd, 0xdc, 0x04, 0x1c,
  0x43, 0x13, 0x6c, 0x7a, 0x41, 0x74, 0xa5, 0xc4, 0xe7, 0x79, 0x79, 0xe8,
  0xc3, 0xa6, 0x73, 0x41, 0x7a, 0x6c, 0x13, 0x43, 0x1c, 0x40, 0x5a, 0x18,
  0x10, 0x48, 0x50, 0x5d, 0x9d, 0xd9, 0x79, 0x78, 0xda, 0x9d, 0x5d, 0x50,
  0x48, 0x10, 0x18, 0x58, 0x06, 0x66, 0x01, 0x5a, 0x3e, 0x02, 0xfc, 0x19,
  0x01, 0x3f, 0x5a, 0x5a, 0x3f, 0x01, 0x03, 0xe7, 0x02, 0x3f, 0x5a, 0xfe,
  0x08, 0x01, 0x1f, 0x16, 0x79, 0xfe, 0xcc, 0xa9, 0x79, 0xe7, 0xc4, 0xa6,
  0x73, 0x41, 0x40, 0x74, 0xa5, 0xc4, 0xe8, 0x79, 0xa9, 0x01, 0x34, 0x79,
  0x16, 0x1f, 0x5a, 0x3f, 0x19, 0x3d, 0x12, 0x50, 0xca, 0x70, 0x78, 0xda,
  0x9e, 0x5c, 0x5d, 0x9d, 0xda, 0x78, 0x70, 0xca, 0x50, 0x12, 0x3d, 0x19,
  0x3e, 0x59, 0x00, 0x02, 0x00, 0xae, 0xfe, 0x5e, 0x07, 0x65, 0x06, 0x7e,
  0x00, 0x72, 0x00, 0x7e, 0x00, 0x00, 0x01, 0x06, 0x04, 0x07, 0x16, 0x07,
  0x0e, 0x01, 0x07, 0x06, 0x27, 0x26, 0x27, 0x26, 0x37, 0x3e, 0x03, 0x37,
  0x3e, 0x01, 0x37, 0x3e, 0x02, 0x37, 0x2e, 0x02, 0x23, 0x26, 0x27, 0x2e,
  0x09, 0x27, 0x2e, 0x01, 0x36, 0x37, 0x3e, 0x01, 0x37, 0x24, 0x25, 0x36,
  0x17, 0x1e, 0x01, 0x17, 0x1e, 0x01, 0x07, 0x0e, 0x01, 0x07, 0x06, 0x04,
  0x27, 0x26, 0x27, 0x26, 0x27, 0x34, 0x37, 0x16, 0x17, 0x16, 0x37, 0x3e,
  0x01, 0x37, 0x36, 0x37, 0x36, 0x27, 0x2e, 0x01, 0x06, 0x07, 0x04, 0x05,
  0x06, 0x07, 0x06, 0x07, 0x06, 0x16, 0x17, 0x16, 0x17, 0x1e, 0x01, 0x17,
  0x32, 0x16, 0x32, 0x37, 0x36, 0x37, 0x36, 0x37, 0x14, 0x1e, 0x03, 0x01,
  0x06, 0x07, 0x06, 0x07, 0x06, 0x16, 0x37, 0x36, 0x37, 0x3e, 0x01, 0x04,
  0xdf, 0x3f, 0xfe, 0xef, 0x3e, 0x41, 0x35, 0x2a, 0xbe, 0x83, 0x34, 0x49,
  0x3b, 0x15, 0x44, 0x66, 0x08, 0x31, 0x1b, 0x2c, 0x14, 0x1f, 0x92, 0x1c,
  0x05, 0x0b, 0x15, 0x08, 0x0d, 0x1c, 0x11, 0x0a, 0x9e, 0x68, 0x03, 0x15,
  0x07, 0x13, 0x08, 0x11, 0x09, 0x0f, 0x0a, 0x0b, 0x05, 0x32, 0x2e, 0x0a,
  0x1d, 0x1e, 0x67, 0x48, 0x01, 0x03, 0x01, 0x62, 0xfa, 0xe4, 0x16, 0x72,
  0x17, 0x81, 0x5f, 0x2a, 0x23, 0x8a, 0x64, 0x8c, 0xfe, 0xe7, 0x9f, 0x5f,
  0x56, 0x15, 0x0d, 0x0b, 0x0c, 0x0b, 0x76, 0xb1, 0x9c, 0xf4, 0x59, 0x56,
  0x1c, 0x1f, 0x86, 0x2c, 0x5f, 0x57, 0x2f, 0xfe, 0xcd, 0xfe, 0xce, 0xab,
  0x5a, 0x24, 0x2c, 0x1b, 0x17, 0x32, 0x57, 0x31, 0x22, 0x94, 0x22, 0x03,
  0x0e, 0x0c, 0x05, 0x2f, 0x2b, 0xa9, 0x96, 0x02, 0x05, 0x04, 0x09, 0xfe,
  0x1a, 0x98, 0x6d, 0x41, 0x0f, 0x09, 0x3c, 0x34, 0x7f, 0x4d, 0x28, 0x0d,
  0x01, 0xca, 0x28, 0xa9, 0x28, 0x94, 0x9f, 0x86, 0x9b, 0x12, 0x0d, 0x18,
  0x0e, 0x42, 0x99, 0x78, 0x09, 0x33, 0x1b, 0x25, 0x0c, 0x19, 0x51, 0x13,
  0x05, 0x06, 0x08, 0x04, 0x08, 0x1a, 0x0c, 0x63, 0x68, 0x02, 0x16, 0x07,
  0x14, 0x09, 0x13, 0x0b, 0x12, 0x0e, 0x11, 0x09, 0x27, 0x65, 0x68, 0x34,
  0x4e, 0x87, 0x48, 0xe2, 0x7d, 0x5a, 0x21, 0x0c, 0x22, 0x0b, 0x33, 0xc8,
  0x87, 0x71, 0xb4, 0x3b, 0x57, 0x3f, 0x19, 0x0f, 0x57, 0x2c, 0x0d, 0x0c,
  0x0b, 0x01, 0x0b, 0x77, 0x28, 0x1b, 0x76, 0x69, 0x6e, 0x5f, 0x7d, 0x4e,
  0x16, 0x14, 0x02, 0x05, 0x2e, 0xc0, 0x60, 0x78, 0x30, 0x59, 0x43, 0x85,
  0x32, 0x59, 0x25, 0x1d, 0x7d, 0x1c, 0x05, 0x05, 0x20, 0x0e, 0x5f, 0x1e,
  0x0d, 0x12, 0x0c, 0x05, 0x07, 0xfe, 0xe3, 0x55, 0x6d, 0x42, 0x51, 0x32,
  0x33, 0x09, 0x20, 0x74, 0x41, 0x8a, 0x00, 0x04, 0x00, 0x15, 0xfe, 0x50,
  0x07, 0xeb, 0x06, 0x7c, 0x00, 0x2e, 0x00, 0x39, 0x00, 0x68, 0x00, 0x73,
  0x00, 0x00, 0x01, 0x23, 0x22, 0x06, 0x1d, 0x01, 0x14, 0x2b, 0x01, 0x22,
  0x27, 0x26, 0x35, 0x2e, 0x01, 0x36, 0x37, 0x3e, 0x01, 0x37, 0x21, 0x32,
  0x3d, 0x01, 0x26, 0x23, 0x21, 0x22, 0x26, 0x3d, 0x01, 0x34, 0x37, 0x36,
  0x37, 0x36, 0x17, 0x16, 0x17, 0x1e, 0x01, 0x07, 0x11, 0x14, 0x06, 0x23,
  0x06, 0x00, 0x14, 0x16, 0x33, 0x32, 0x36, 0x35, 0x34, 0x26, 0x27, 0x22,
  0x01, 0x33, 0x32, 0x36, 0x3d, 0x01, 0x34, 0x3b, 0x01, 0x32, 0x17, 0x16,
  0x15, 0x1e, 0x01, 0x06, 0x07, 0x0e, 0x01, 0x07, 0x21, 0x22, 0x1d, 0x01,
  0x16, 0x33, 0x21, 0x32, 0x16, 0x1d, 0x01, 0x14, 0x07, 0x06, 0x07, 0x06,
  0x27, 0x26, 0x27, 0x2e, 0x01, 0x37, 0x11, 0x34, 0x36, 0x33, 0x36, 0x00,
  0x34, 0x26, 0x23, 0x22, 0x06, 0x15, 0x14, 0x16, 0x17, 0x32, 0x03, 0xd0,
  0xec, 0x7d, 0x95, 0x22, 0x6c, 0xa3, 0x49, 0x3c, 0x06, 0x01, 0x14, 0x17,
  0x1b, 0x71, 0x56, 0x02, 0xae, 0x24, 0x19, 0x0b, 0xfe, 0x6e, 0x1b, 0x15,
  0x6a, 0x7a, 0x38, 0xe1, 0xcb, 0x5c, 0x48, 0x2a, 0x26, 0x08, 0x87, 0x7d,
  0x5a, 0xfe, 0x22, 0x33, 0x2b, 0x24, 0x3a, 0x38, 0x26, 0x2b, 0x01, 0x77,
  0xec, 0x7d, 0x95, 0x22, 0x6c, 0xa4, 0x48, 0x3c, 0x06, 0x01, 0x14, 0x17,
  0x1b, 0x70, 0x55, 0xfd, 0x50, 0x24, 0x19, 0x0b, 0x01, 0x92, 0x1b, 0x15,
  0x6a, 0x76, 0x3c, 0xe3, 0xc9, 0x5a, 0x4a, 0x2a, 0x26, 0x08, 0x88, 0x7c,
  0x5b, 0x01, 0xdd, 0x33, 0x2b, 0x24, 0x3a, 0x38, 0x26, 0x2b, 0x02, 0xa2,
  0x96, 0x7c, 0xd4, 0x24, 0x8f, 0x79, 0x5b, 0x4b, 0x72, 0x8d, 0x3e, 0x54,
  0x70, 0x12, 0x0b, 0x3b, 0x0c, 0x15, 0x1b, 0x9a, 0x81, 0x24, 0x31, 0x0b,
  0x26, 0x32, 0x12, 0x34, 0x2a, 0x4b, 0x31, 0xfe, 0x55, 0x7d, 0x88, 0x0c,
  0x02, 0xed, 0x4c, 0x39, 0x3b, 0x24, 0x22, 0x33, 0x09, 0xfc, 0x64, 0x94,
  0x7d, 0xd5, 0x23, 0x8e, 0x7a, 0x5b, 0x4b, 0x72, 0x8c, 0x3e, 0x55, 0x70,
  0x11, 0x0c, 0x3b, 0x0b, 0x16, 0x1a, 0x9b, 0x82, 0x23, 0x30, 0x0b, 0x27,
  0x32, 0x11, 0x36, 0x2a, 0x4a, 0x32, 0x01, 0xab, 0x7c, 0x89, 0x0c, 0xfd,
  0x13, 0x4c, 0x38, 0x3a, 0x24, 0x23, 0x33, 0x09, 0x00, 0x03, 0xff, 0xf3,
  0xff, 0x85, 0x08, 0x00, 0x05, 0x51, 0x00, 0xb0, 0x00, 0xc6, 0x00, 0xd1,
  0x00, 0x00, 0x25, 0x26, 0x27, 0x2e, 0x01, 0x27, 0x26, 0x27, 0x26, 0x07,
  0x06, 0x16, 0x17, 0x1e, 0x02, 0x17, 0x16, 0x17, 0x1e, 0x04, 0x14, 0x07,
  0x06, 0x07, 0x0e, 0x01, 0x07, 0x23, 0x22, 0x26, 0x27, 0x26, 0x36, 0x37,
  0x32, 0x36, 0x35, 0x36, 0x27, 0x2e, 0x01, 0x27, 0x26, 0x27, 0x26, 0x27,
  0x26, 0x37, 0x36, 0x37, 0x36, 0x37, 0x36, 0x17, 0x16, 0x17, 0x16, 0x07,
  0x0e, 0x01, 0x07, 0x06, 0x26, 0x27, 0x2e, 0x02, 0x27, 0x35, 0x34, 0x26,
  0x35, 0x16, 0x17, 0x1e, 0x01, 0x33, 0x16, 0x36, 0x37, 0x36, 0x27, 0x34,
  0x2e, 0x02, 0x27, 0x34, 0x3e, 0x01, 0x37, 0x32, 0x33, 0x32, 0x35, 0x36,
  0x17, 0x16, 0x17, 0x16, 0x13, 0x16, 0x15, 0x14, 0x06, 0x27, 0x2e, 0x02,
  0x27, 0x2e, 0x01, 0x27, 0x26, 0x22, 0x15, 0x14, 0x06, 0x15, 0x06, 0x07,
  0x0e, 0x01, 0x15, 0x14, 0x06, 0x14, 0x17, 0x1e, 0x01, 0x17, 0x16, 0x06,
  0x07, 0x06, 0x2b, 0x01, 0x34, 0x2e, 0x03, 0x27, 0x36, 0x37, 0x36, 0x27,
  0x26, 0x07, 0x0e, 0x01, 0x27, 0x26, 0x06, 0x07, 0x06, 0x15, 0x14, 0x17,
  0x14, 0x0e, 0x01, 0x07, 0x06, 0x27, 0x23, 0x34, 0x2e, 0x03, 0x27, 0x36,
  0x01, 0x36, 0x35, 0x36, 0x26, 0x27, 0x26, 0x0e, 0x01, 0x07, 0x0e, 0x01,
  0x07, 0x14, 0x06, 0x15, 0x06, 0x16, 0x33, 0x32, 0x17, 0x32, 0x13, 0x34,
  0x26, 0x23, 0x22, 0x06, 0x17, 0x14, 0x16, 0x33, 0x36, 0x02, 0xb4, 0x11,
  0x56, 0x0b, 0x34, 0x0a, 0x35, 0x1d, 0x1c, 0x21, 0x06, 0x08, 0x09, 0x05,
  0x0c, 0x08, 0x0f, 0x17, 0x31, 0x02, 0x0f, 0x05, 0x09, 0x02, 0x02, 0x11,
  0x4c, 0x05, 0x0a, 0x03, 0x03, 0x16, 0x35, 0x10, 0x16, 0x07, 0x19, 0x07,
  0x0e, 0x20, 0x0c, 0x05, 0x0a, 0x05, 0x2d, 0x63, 0xc0, 0x0f, 0x0f, 0x81,
  0x38, 0x4e, 0x29, 0x52, 0xcf, 0x99, 0xad, 0x2a, 0x21, 0x0c, 0x08, 0x92,
  0x67, 0x2f, 0x35, 0x17, 0x04, 0x24, 0x18, 0x09, 0x0a, 0x13, 0x21, 0x11,
  0x24, 0x1d, 0x65, 0x9c, 0x3d, 0x74, 0x21, 0x04, 0x05, 0x0a, 0x02, 0x01,
  0x0a, 0x0a, 0x01, 0x01, 0x12, 0xa9, 0x95, 0xcb, 0x89, 0xec, 0x53, 0x0a,
  0x10, 0x0f, 0x0a, 0x0f, 0x0d, 0x03, 0x05, 0x15, 0x05, 0x08, 0x0d, 0x0a,
  0x36, 0x59, 0x08, 0x0d, 0x05, 0x05, 0x05, 0x15, 0x05, 0x07, 0x19, 0x21,
  0x41, 0x26, 0xa5, 0x01, 0x05, 0x0b, 0x14, 0x0f, 0x18, 0x07, 0x0d, 0x21,
  0x1a, 0x38, 0x3b, 0x83, 0x43, 0x1e, 0x31, 0x0e, 0x1f, 0x15, 0x03, 0x0d,
  0x0f, 0x62, 0x6b, 0x0a, 0x01, 0x08, 0x0e, 0x1c, 0x15, 0x33, 0xfe, 0x46,
  0x15, 0x07, 0x24, 0x17, 0x09, 0x12, 0x08, 0x06, 0x10, 0x33, 0x0f, 0x0b,
  0x08, 0x0d, 0x10, 0x1f, 0x0a, 0x3e, 0x29, 0x1a, 0x0f, 0x13, 0x1d, 0x07,
  0x1c, 0x17, 0x1f, 0xe1, 0x68, 0x1d, 0x05, 0x1f, 0x05, 0x11, 0x0e, 0x0d,
  0x21, 0x12, 0x19, 0x09, 0x0a, 0x12, 0x08, 0x0e, 0x22, 0x31, 0x03, 0x17,
  0x07, 0x12, 0x0d, 0x12, 0x0a, 0x78, 0x4c, 0x05, 0x05, 0x01, 0x19, 0x11,
  0x18, 0x29, 0x11, 0x0d, 0x08, 0x20, 0x28, 0x05, 0x15, 0x05, 0x2c, 0x4f,
  0x93, 0xdf, 0xed, 0xe2, 0x5e, 0x27, 0x15, 0x14, 0x39, 0x1a, 0x24, 0x8a,
  0x73, 0x5b, 0x6a, 0xab, 0x1f, 0x10, 0x12, 0x27, 0x05, 0x32, 0x26, 0x13,
  0x0a, 0x05, 0x0b, 0x05, 0x77, 0x37, 0x1a, 0x19, 0x08, 0x40, 0x4d, 0xa0,
  0xe7, 0x0b, 0x16, 0x0f, 0x1a, 0x08, 0x0d, 0x0b, 0x0d, 0x05, 0x09, 0x22,
  0x0e, 0x11, 0x5f, 0x94, 0xfe, 0xda, 0x1f, 0x33, 0x0f, 0x04, 0x08, 0x04,
  0x10, 0x13, 0x03, 0x05, 0x1f, 0x05, 0x07, 0x07, 0x05, 0x15, 0x05, 0xb3,
  0x59, 0x08, 0x1a, 0x07, 0x0e, 0x32, 0x29, 0x12, 0x29, 0xaf, 0x29, 0x25,
  0x27, 0x11, 0x15, 0x19, 0x19, 0x2b, 0x19, 0x1c, 0x09, 0x65, 0x21, 0x36,
  0x31, 0x26, 0x12, 0x26, 0x07, 0x19, 0x09, 0x0c, 0x1c, 0x3d, 0x3f, 0x38,
  0x6d, 0x13, 0x0e, 0x0d, 0x05, 0x1d, 0x12, 0x19, 0x19, 0x2b, 0x19, 0x1c,
  0x09, 0x33, 0x01, 0x68, 0x15, 0x14, 0x17, 0x3e, 0x08, 0x06, 0x04, 0x06,
  0x06, 0x10, 0x3e, 0x0f, 0x05, 0x0a, 0x05, 0x10, 0x1a, 0x0a, 0x01, 0x7c,
  0x10, 0x19, 0x1d, 0x15, 0x11, 0x18, 0x1f, 0x00, 0x00, 0x01, 0x00, 0x5c,
  0xfe, 0x66, 0x07, 0xa4, 0x06, 0x66, 0x00, 0x16, 0x00, 0x00, 0x01, 0x11,
  0x21, 0x00, 0x01, 0x26, 0x08, 0x01, 0x27, 0x21, 0x11, 0x16, 0x17, 0x1e,
  0x03, 0x33, 0x32, 0x3e, 0x03, 0x06, 0x06, 0x01, 0x9e, 0xfe, 0xc3, 0xfd,
  0x89, 0x84, 0xfe, 0xcf, 0xfe, 0x87, 0x66, 0x01, 0x7e, 0x0a, 0x18, 0x57,
  0x6e, 0xb2, 0x72, 0x15, 0x13, 0x5d, 0x82, 0x73, 0x8c, 0x06, 0x5b, 0xfb,
  0xca, 0xfe, 0xb9, 0xfd, 0x88, 0x88, 0x01, 0x3c, 0x01, 0x87, 0x69, 0x04,
  0x4c, 0x07, 0x11, 0x3c, 0x4c, 0x75, 0x3d, 0x31, 0x54, 0x4f, 0x61, 0x00,
  0x00, 0x03, 0x01, 0xa1, 0xfe, 0x66, 0x06, 0x41, 0x06, 0x66, 0x00, 0x97,
  0x00, 0xde, 0x00, 0xef, 0x00, 0x00, 0x01, 0x16, 0x06, 0x07, 0x06, 0x07,
  0x06, 0x15, 0x14, 0x06, 0x15, 0x14, 0x06, 0x07, 0x22, 0x07, 0x0e, 0x01,
  0x17, 0x16, 0x17, 0x16, 0x06, 0x07, 0x0e, 0x01, 0x07, 0x0e, 0x01, 0x17,
  0x1e, 0x02, 0x17, 0x16, 0x06, 0x07, 0x0e, 0x01, 0x07, 0x06, 0x17, 0x14,
  0x17, 0x16, 0x07, 0x06, 0x23, 0x22, 0x26, 0x23, 0x26, 0x35, 0x36, 0x12,
  0x37, 0x36, 0x37, 0x34, 0x2e, 0x02, 0x23, 0x22, 0x15, 0x0e, 0x01, 0x07,
  0x06, 0x02, 0x07, 0x0e, 0x01, 0x07, 0x26, 0x27, 0x26, 0x34, 0x37, 0x36,
  0x12, 0x37, 0x36, 0x37, 0x3e, 0x01, 0x2e, 0x01, 0x27, 0x26, 0x37, 0x3e,
  0x01, 0x37, 0x1e, 0x01, 0x17, 0x16, 0x17, 0x16, 0x36, 0x37, 0x36, 0x27,
  0x2e, 0x01, 0x07, 0x15, 0x16, 0x33, 0x16, 0x15, 0x14, 0x06, 0x27, 0x2e,
  0x06, 0x27, 0x2e, 0x01, 0x3e, 0x01, 0x37, 0x3e, 0x01, 0x33, 0x1e, 0x01,
  0x17, 0x16, 0x07, 0x27, 0x26, 0x35, 0x34, 0x27, 0x26, 0x07, 0x0e, 0x04,
  0x17, 0x33, 0x1e, 0x01, 0x01, 0x16, 0x06, 0x07, 0x22, 0x2e, 0x01, 0x27,
  0x26, 0x02, 0x27, 0x2e, 0x01, 0x27, 0x26, 0x36, 0x37, 0x36, 0x35, 0x34,
  0x27, 0x2e, 0x01, 0x27, 0x37, 0x16, 0x17, 0x16, 0x07, 0x06, 0x17, 0x1e,
  0x02, 0x17, 0x16, 0x07, 0x14, 0x07, 0x06, 0x16, 0x17, 0x1e, 0x01, 0x17,
  0x1e, 0x01, 0x07, 0x0e, 0x02, 0x15, 0x14, 0x16, 0x15, 0x14, 0x33, 0x32,
  0x16, 0x33, 0x1e, 0x01, 0x07, 0x06, 0x17, 0x1e, 0x03, 0x33, 0x32, 0x01,
  0x12, 0x13, 0x07, 0x26, 0x27, 0x26, 0x27, 0x26, 0x02, 0x27, 0x26, 0x34,
  0x36, 0x35, 0x3e, 0x01, 0x04, 0xf1, 0x0e, 0x4a, 0x5b, 0x4a, 0x19, 0x12,
  0x08, 0x0d, 0x0e, 0x11, 0x13, 0x15, 0x08, 0x14, 0x0a, 0x10, 0x0c, 0x07,
  0x0e, 0x0e, 0x3d, 0x0d, 0x0e, 0x08, 0x0d, 0x0c, 0x16, 0x1b, 0x0a, 0x0c,
  0x07, 0x0e, 0x05, 0x1a, 0x04, 0x3a, 0x28, 0x12, 0x1e, 0x27, 0x38, 0x34,
  0x16, 0x51, 0x16, 0x09, 0x0d, 0x3e, 0x0e, 0x23, 0x0a, 0x01, 0x02, 0x08,
  0x06, 0x1c, 0x09, 0x1a, 0x09, 0x0e, 0x2d, 0x0d, 0x05, 0x09, 0x04, 0x39,
  0x0e, 0x07, 0x07, 0x0d, 0x2c, 0x0e, 0x16, 0x0f, 0x03, 0x01, 0x05, 0x04,
  0x05, 0xb1, 0x34, 0x0c, 0x42, 0x39, 0x04, 0x1a, 0x05, 0x45, 0x89, 0x36,
  0x4b, 0x0e, 0x0d, 0x28, 0x14, 0x3c, 0x1b, 0x12, 0x08, 0x3e, 0x30, 0x1f,
  0x04, 0x16, 0x09, 0x14, 0x0b, 0x0f, 0x0d, 0x05, 0x40, 0x3c, 0x0a, 0x39,
  0x30, 0x32, 0x80, 0x51, 0x80, 0xbc, 0x21, 0x1c, 0x25, 0x51, 0x09, 0x47,
  0x56, 0x80, 0x36, 0x54, 0x32, 0x1e, 0x09, 0x03, 0x86, 0x9b, 0xce, 0x01,
  0x50, 0x0d, 0x54, 0x50, 0x08, 0x09, 0x08, 0x02, 0x24, 0x8f, 0x24, 0x12,
  0x3f, 0x11, 0x07, 0x0b, 0x0e, 0xc5, 0xab, 0x05, 0x11, 0x04, 0x08, 0xa7,
  0x42, 0x57, 0x72, 0x0d, 0x0d, 0x08, 0x0c, 0x0f, 0x01, 0x0e, 0x17, 0x12,
  0x0e, 0x06, 0x1a, 0x04, 0x1a, 0x05, 0x14, 0x03, 0x0d, 0x0d, 0x0b, 0x0c,
  0x09, 0x1b, 0x0e, 0x28, 0x08, 0x20, 0x12, 0x0e, 0x0e, 0x0e, 0x03, 0x0c,
  0x12, 0x0b, 0x0a, 0x23, 0xfd, 0xe9, 0xd1, 0x67, 0x09, 0x0c, 0x20, 0x3a,
  0x20, 0x20, 0x7d, 0x1f, 0x04, 0x04, 0x05, 0x0a, 0x03, 0x80, 0x76, 0xc0,
  0x42, 0x26, 0x19, 0x12, 0x11, 0x0e, 0x36, 0x0d, 0x0d, 0x0f, 0x07, 0x13,
  0x0e, 0x36, 0x15, 0x14, 0x10, 0x0e, 0x17, 0x07, 0x09, 0x1c, 0x09, 0x07,
  0x29, 0x0e, 0x08, 0x16, 0x20, 0x09, 0x0e, 0x21, 0x07, 0x05, 0x08, 0x04,
  0x1e, 0x33, 0x09, 0x12, 0x3b, 0x27, 0x48, 0x09, 0x09, 0x09, 0x5e, 0x01,
  0x78, 0x5e, 0x9c, 0x67, 0x0a, 0x07, 0x0d, 0x05, 0x1a, 0x2d, 0xbc, 0x2d,
  0x4c, 0xfe, 0xd9, 0x4c, 0x11, 0x48, 0x12, 0x17, 0x39, 0x21, 0x4d, 0x21,
  0x4c, 0x01, 0x27, 0x4c, 0x5a, 0x74, 0x06, 0x0b, 0x0a, 0x04, 0x05, 0xa3,
  0xef, 0x3d, 0x62, 0x38, 0x0e, 0x34, 0x0e, 0x8d, 0x26, 0x0d, 0x26, 0x2f,
  0x42, 0x29, 0x14, 0x0e, 0x07, 0x09, 0x12, 0x0d, 0x3b, 0x1c, 0x26, 0x0d,
  0x02, 0x0b, 0x05, 0x0a, 0x08, 0x0a, 0x0a, 0x06, 0x3d, 0x9e, 0x95, 0x85,
  0x2c, 0x33, 0x27, 0x07, 0x8f, 0x77, 0x80, 0x71, 0x51, 0x09, 0x1a, 0x83,
  0x54, 0x56, 0x0e, 0x05, 0x2b, 0x3d, 0x4d, 0x49, 0x25, 0x07, 0xb9, 0xfb,
  0x72, 0x49, 0x8b, 0x28, 0x04, 0x0c, 0x02, 0x55, 0x01, 0x4b, 0x55, 0x2d,
  0xaa, 0x2d, 0x0e, 0x18, 0x07, 0x90, 0xe7, 0xcd, 0x90, 0x05, 0x1a, 0x05,
  0x09, 0x2a, 0x92, 0xd3, 0xe4, 0x1b, 0x1a, 0x08, 0x14, 0x21, 0x02, 0x1d,
  0x18, 0x0a, 0x12, 0x1a, 0x1f, 0x0d, 0x04, 0x12, 0x05, 0x0d, 0x15, 0x14,
  0x0d, 0x0c, 0x18, 0x0d, 0x09, 0x24, 0x09, 0x1b, 0x09, 0x07, 0x27, 0x1a,
  0x28, 0x28, 0x0a, 0x0b, 0x05, 0x01, 0x01, 0xec, 0xfe, 0x17, 0xfe, 0xfa,
  0x0a, 0x0c, 0x10, 0x2e, 0x4f, 0x4c, 0x01, 0x39, 0x4c, 0x08, 0x12, 0x16,
  0x06, 0x0f, 0x3b, 0x00, 0x00, 0x02, 0x00, 0x29, 0xfe, 0x66, 0x07, 0xd7,
  0x06, 0x66, 0x00, 0x3c, 0x00, 0x77, 0x00, 0x00, 0x13, 0x32, 0x3e, 0x03,
  0x35, 0x34, 0x26, 0x35, 0x34, 0x26, 0x35, 0x34, 0x36, 0x3b, 0x01, 0x15,
  0x23, 0x22, 0x06, 0x15, 0x14, 0x16, 0x15, 0x14, 0x16, 0x15, 0x14, 0x0e,
  0x02, 0x07, 0x1e, 0x03, 0x15, 0x14, 0x06, 0x15, 0x14, 0x06, 0x15, 0x14,
  0x16, 0x3b, 0x01, 0x15, 0x23, 0x22, 0x2e, 0x02, 0x35, 0x34, 0x37, 0x36,
  0x35, 0x34, 0x23, 0x25, 0x22, 0x15, 0x14, 0x16, 0x15, 0x16, 0x15, 0x14,
  0x0e, 0x02, 0x2b, 0x01, 0x35, 0x33, 0x32, 0x36, 0x35, 0x34, 0x27, 0x34,
  0x26, 0x35, 0x34, 0x3e, 0x02, 0x37, 0x2e, 0x03, 0x35, 0x34, 0x36, 0x35,
  0x36, 0x35, 0x34, 0x26, 0x27, 0x23, 0x35, 0x33, 0x32, 0x16, 0x15, 0x14,
  0x06, 0x15, 0x06, 0x15, 0x14, 0x1e, 0x03, 0x33, 0x2a, 0x32, 0x49, 0x29,
  0x18, 0x06, 0x0a, 0x0c, 0xcd, 0xbd, 0x5c, 0x2e, 0x53, 0x45, 0x0e, 0x0a,
  0x1c, 0x3c, 0x4c, 0x38, 0x38, 0x4c, 0x3c, 0x1c, 0x0a, 0x0e, 0x45, 0x53,
  0x2e, 0x5c, 0x5a, 0x88, 0x67, 0x35, 0x0a, 0x0e, 0xc6, 0x07, 0xa2, 0xc4,
  0x0c, 0x0c, 0x3a, 0x6b, 0x8c, 0x59, 0x5c, 0x2e, 0x53, 0x43, 0x0c, 0x0c,
  0x1d, 0x3c, 0x4d, 0x38, 0x38, 0x4d, 0x3c, 0x1d, 0x0c, 0x0c, 0x48, 0x4e,
  0x2e, 0x5c, 0xbc, 0xce, 0x0c, 0x0c, 0x07, 0x19, 0x29, 0x49, 0x32, 0x02,
  0xd4, 0x15, 0x20, 0x31, 0x2b, 0x1c, 0x23, 0x80, 0x22, 0x24, 0x85, 0x1c,
  0xb1, 0xaa, 0xdc, 0x5d, 0x5c, 0x16, 0x62, 0x1e, 0x15, 0x74, 0x25, 0x49,
  0x68, 0x45, 0x29, 0x0e, 0x0e, 0x29, 0x44, 0x69, 0x48, 0x25, 0x74, 0x15,
  0x19, 0x62, 0x10, 0x5c, 0x5d, 0xdc, 0x25, 0x51, 0x87, 0x5e, 0x80, 0x45,
  0x52, 0x73, 0xad, 0x18, 0xaf, 0x23, 0x7e, 0x23, 0x45, 0x80, 0x5d, 0x89,
  0x50, 0x25, 0xc5, 0x5d, 0x5c, 0x58, 0x33, 0x1d, 0x74, 0x1d, 0x48, 0x69,
  0x44, 0x29, 0x0e, 0x0e, 0x29, 0x45, 0x69, 0x48, 0x25, 0x74, 0x15, 0x3f,
  0x57, 0x57, 0x5a, 0x08, 0xdc, 0xaa, 0xb1, 0x23, 0x80, 0x22, 0x4b, 0x7a,
  0x1c, 0x2b, 0x31, 0x20, 0x15, 0x00, 0x00, 0x02, 0x00, 0x00, 0xff, 0x60,
  0x08, 0x00, 0x05, 0x6c, 0x00, 0x12, 0x00, 0x44, 0x00, 0x00, 0x01, 0x21,
  0x11, 0x14, 0x0e, 0x02, 0x23, 0x22, 0x26, 0x27, 0x13, 0x16, 0x33, 0x32,
  0x3e, 0x02, 0x35, 0x05, 0x1e, 0x01, 0x33, 0x32, 0x36, 0x35, 0x34, 0x26,
  0x27, 0x2e, 0x01, 0x35, 0x34, 0x3e, 0x02, 0x33, 0x32, 0x17, 0x03, 0x22,
  0x2e, 0x04, 0x23, 0x22, 0x06, 0x15, 0x14, 0x1e, 0x05, 0x17, 0x1e, 0x01,
  0x15, 0x14, 0x0e, 0x02, 0x23, 0x22, 0x26, 0x27, 0x01, 0xc2, 0x01, 0x52,
  0x48, 0x8e, 0xc2, 0x82, 0x3d, 0x90, 0x2d, 0x26, 0x4c, 0x62, 0x37, 0x52,
  0x42, 0x23, 0x02, 0x7e, 0x47, 0xce, 0x61, 0x77, 0x75, 0x6f, 0x89, 0xc7,
  0xd7, 0x4f, 0x91, 0xd9, 0x85, 0xda, 0xaa, 0x4a, 0x02, 0x40, 0x17, 0x44,
  0x30, 0x49, 0x24, 0x6c, 0x74, 0x0c, 0x12, 0x27, 0x24, 0x43, 0x37, 0x2f,
  0xc7, 0xbd, 0x4d, 0x93, 0xed, 0x97, 0x77, 0xe3, 0x4e, 0x05, 0x53, 0xfc,
  0x4c, 0x9d, 0xe0, 0x85, 0x3d, 0x13, 0x12, 0x01, 0x13, 0x26, 0x1c, 0x42,
  0x79, 0x56, 0xc9, 0x29, 0x3b, 0x56, 0x4d, 0x48, 0x5b, 0x31, 0x45, 0xda,
  0xa2, 0x62, 0xa6, 0x77, 0x43, 0x4a, 0xfe, 0xed, 0x1b, 0x08, 0x16, 0x08,
  0x09, 0x52, 0x44, 0x15, 0x25, 0x1d, 0x1e, 0x17, 0x1f, 0x16, 0x13, 0x4c,
  0xd8, 0x9e, 0x5f, 0xa5, 0x80, 0x49, 0x34, 0x23, 0x00, 0x04, 0x00, 0x00,
  0xfe, 0xfd, 0x08, 0x00, 0x05, 0xcf, 0x00, 0x07, 0x00, 0x0b, 0x00, 0x12,
  0x00, 0x18, 0x00, 0x00, 0x00, 0x22, 0x26, 0x34, 0x36, 0x32, 0x16, 0x14,
  0x01, 0x21, 0x11, 0x21, 0x13, 0x11, 0x09, 0x01, 0x13, 0x01, 0x11, 0x01,
  0x15, 0x21, 0x11, 0x23, 0x11, 0x06, 0x8c, 0xa2, 0x70, 0x71, 0xa1, 0x72,
  0xfa, 0x92, 0x06, 0x70, 0xf9, 0x90, 0x4a, 0x01, 0x90, 0x01, 0xda, 0xec,
  0x01, 0x84, 0xfe, 0x46, 0xfa, 0xd4, 0xce, 0x01, 0xe4, 0x71, 0xa2, 0x72,
  0x72, 0xa2, 0x01, 0xe1, 0xfa, 0xc7, 0x04, 0xed, 0xfc, 0x20, 0x01, 0xf0,
  0xfe, 0x06, 0x01, 0x17, 0xfe, 0x46, 0x04, 0x8d, 0x01, 0xe5, 0xb8, 0xfc,
  0x2c, 0x04, 0x8c, 0x00, 0x00, 0x04, 0x00, 0x6f, 0xfe, 0x65, 0x07, 0x91,
  0x06, 0x67, 0x00, 0x3a, 0x00, 0x66, 0x00, 0x72, 0x00, 0x7e, 0x00, 0x00,
  0x01, 0x16, 0x17, 0x16, 0x00, 0x17, 0x1e, 0x04, 0x17, 0x16, 0x02, 0x15,
  0x14, 0x16, 0x14, 0x0e, 0x02, 0x07, 0x06, 0x04, 0x07, 0x0e, 0x05, 0x26,
  0x27, 0x26, 0x00, 0x27, 0x2e, 0x05, 0x27, 0x26, 0x10, 0x27, 0x36, 0x26,
  0x34, 0x3e, 0x02, 0x37, 0x36, 0x00, 0x37, 0x3e, 0x02, 0x13, 0x26, 0x04,
  0x07, 0x06, 0x02, 0x12, 0x17, 0x16, 0x04, 0x24, 0x37, 0x3e, 0x05, 0x26,
  0x27, 0x2e, 0x03, 0x06, 0x07, 0x0e, 0x01, 0x26, 0x27, 0x2e, 0x01, 0x36,
  0x37, 0x3e, 0x01, 0x16, 0x17, 0x3e, 0x02, 0x37, 0x26, 0x24, 0x13, 0x15,
  0x23, 0x15, 0x33, 0x15, 0x33, 0x35, 0x33, 0x35, 0x23, 0x35, 0x33, 0x15,
  0x23, 0x15, 0x33, 0x15, 0x33, 0x35, 0x33, 0x35, 0x23, 0x35, 0x04, 0x09,
  0x1a, 0x13, 0x78, 0x01, 0xba, 0x2a, 0x16, 0x49, 0x38, 0x39, 0x26, 0x06,
  0x02, 0x01, 0x01, 0x06, 0x0d, 0x1a, 0x14, 0x69, 0xfe, 0x64, 0x5f, 0x11,
  0x2a, 0x24, 0x2a, 0x27, 0x2b, 0x2d, 0x17, 0x7c, 0xfe, 0x3a, 0x58, 0x09,
  0x3c, 0x1a, 0x2f, 0x18, 0x16, 0x04, 0x01, 0x01, 0x01, 0x01, 0x06, 0x0d,
  0x19, 0x12, 0x78, 0x01, 0xc0, 0x30, 0x1c, 0x5d, 0x52, 0x40, 0x93, 0xfe,
  0xec, 0x5b, 0x5a, 0x35, 0x52, 0x63, 0x63, 0x01, 0x26, 0x01, 0x31, 0x73,
  0x09, 0x26, 0x20, 0x25, 0x15, 0x09, 0x13, 0x18, 0x15, 0x3e, 0x34, 0x36,
  0x2f, 0x10, 0x3a, 0xb4, 0xaf, 0x34, 0x35, 0x0c, 0x51, 0x4a, 0x41, 0xa0,
  0x8e, 0x2a, 0x25, 0x5c, 0x6e, 0x1f, 0x4b, 0xfe, 0xf5, 0xa6, 0x68, 0x68,
  0x64, 0x67, 0x67, 0xf3, 0x64, 0x64, 0x64, 0x64, 0x64, 0x06, 0x66, 0x01,
  0x07, 0x40, 0xfe, 0xff, 0x18, 0x0f, 0x27, 0x1f, 0x2a, 0x39, 0x24, 0x55,
  0xfd, 0xb2, 0x55, 0x0d, 0x3e, 0x22, 0x36, 0x24, 0x27, 0x0f, 0x40, 0xe9,
  0x39, 0x08, 0x19, 0x17, 0x18, 0x11, 0x0c, 0x01, 0x07, 0x45, 0x01, 0x04,
  0x31, 0x05, 0x21, 0x10, 0x22, 0x1d, 0x2c, 0x18, 0x96, 0x02, 0x2e, 0x40,
  0x0c, 0x3c, 0x1f, 0x34, 0x21, 0x25, 0x0e, 0x48, 0x01, 0x00, 0x1c, 0x0c,
  0x3e, 0x26, 0xfe, 0x5d, 0x07, 0x7c, 0x74, 0x6f, 0xfe, 0xdc, 0xfe, 0xe3,
  0x67, 0x6f, 0x5f, 0x32, 0x5d, 0x09, 0x20, 0x1d, 0x25, 0x20, 0x20, 0x1b,
  0x09, 0x05, 0x29, 0x27, 0x1c, 0x0d, 0x21, 0x43, 0x2a, 0x3e, 0x49, 0x42,
  0xb0, 0x9d, 0x28, 0x2b, 0x03, 0x4b, 0x41, 0x03, 0x31, 0x48, 0x0f, 0x83,
  0xa5, 0xfe, 0x41, 0x66, 0x66, 0x65, 0x65, 0x66, 0x66, 0x66, 0x66, 0x65,
  0x65, 0x66, 0x66, 0x00, 0x00, 0x02, 0x00, 0x6f, 0xfe, 0x65, 0x07, 0x91,
  0x06, 0x67, 0x00, 0x3a, 0x00, 0x66, 0x00, 0x00, 0x01, 0x16, 0x17, 0x16,
  0x00, 0x17, 0x1e, 0x04, 0x17, 0x16, 0x02, 0x15, 0x14, 0x16, 0x14, 0x0e,
  0x02, 0x07, 0x06, 0x04, 0x07, 0x0e, 0x05, 0x26, 0x27, 0x26, 0x00, 0x27,
  0x2e, 0x05, 0x27, 0x26, 0x10, 0x27, 0x36, 0x26, 0x34, 0x3e, 0x02, 0x37,
  0x36, 0x00, 0x37, 0x3e, 0x02, 0x13, 0x26, 0x04, 0x07, 0x06, 0x02, 0x12,
  0x17, 0x16, 0x04, 0x24, 0x37, 0x3e, 0x05, 0x26, 0x27, 0x2e, 0x03, 0x06,
  0x07, 0x0e, 0x01, 0x26, 0x27, 0x2e, 0x01, 0x36, 0x37, 0x3e, 0x01, 0x16,
  0x17, 0x3e, 0x02, 0x37, 0x26, 0x24, 0x04, 0x09, 0x1a, 0x13, 0x78, 0x01,
  0xba, 0x2a, 0x16, 0x49, 0x38, 0x39, 0x26, 0x06, 0x02, 0x01, 0x01, 0x06,
  0x0d, 0x1a, 0x14, 0x69, 0xfe, 0x64, 0x5f, 0x11, 0x2a, 0x24, 0x2a, 0x27,
  0x2b, 0x2d, 0x17, 0x7c, 0xfe, 0x3a, 0x58, 0x08, 0x3d, 0x19, 0x30, 0x17,
  0x17, 0x04, 0x01, 0x01, 0x01, 0x01, 0x06, 0x0d, 0x19, 0x12, 0x78, 0x01,
  0xc0, 0x30, 0x1c, 0x5d, 0x52, 0x40, 0x97, 0xfe, 0xe5, 0x59, 0x56, 0x2f,
  0x53, 0x61, 0x63, 0x01, 0x26, 0x01, 0x31, 0x73, 0x09, 0x26, 0x20, 0x25,
  0x15, 0x09, 0x13, 0x18, 0x15, 0x3e, 0x34, 0x36, 0x2f, 0x10, 0x3a, 0xb4,
  0xaf, 0x34, 0x35, 0x0c, 0x51, 0x4a, 0x41, 0xa0, 0x8e, 0x2a, 0x25, 0x5c,
  0x6e, 0x1f, 0x4b, 0xfe, 0xf5, 0x06, 0x66, 0x01, 0x07, 0x40, 0xfe, 0xff,
  0x18, 0x0f, 0x27, 0x1f, 0x2a, 0x39, 0x24, 0x55, 0xfd, 0xb2, 0x55, 0x0d,
  0x3e, 0x22, 0x36, 0x24, 0x27, 0x0f, 0x40, 0xe9, 0x39, 0x08, 0x19, 0x17,
  0x18, 0x11, 0x0c, 0x01, 0x07, 0x45, 0x01, 0x04, 0x31, 0x05, 0x21, 0x0f,
  0x23, 0x1d, 0x2c, 0x18, 0x96, 0x02, 0x2e, 0x40, 0x0c, 0x3c, 0x1f, 0x34,
  0x21, 0x25, 0x0e, 0x48, 0x01, 0x00, 0x1c, 0x0c, 0x3e, 0x26, 0xfe, 0x5d,
  0x07, 0x83, 0x79, 0x6f, 0xfe, 0xe1, 0xfe, 0xe8, 0x65, 0x6f, 0x5f, 0x32,
  0x5d, 0x09, 0x20, 0x1d, 0x25, 0x20, 0x20, 0x1b, 0x09, 0x05, 0x29, 0x27,
  0x1c, 0x0d, 0x21, 0x43, 0x2a, 0x3e, 0x49, 0x42, 0xb0, 0x9d, 0x28, 0x2b,
  0x03, 0x4b, 0x41, 0x03, 0x31, 0x48, 0x0f, 0x82, 0xa6, 0x00, 0x00, 0x03,
  0x00, 0x00, 0xfe, 0x66, 0x08, 0x00, 0x06, 0x66, 0x00, 0x19, 0x00, 0x25,
  0x00, 0x32, 0x00, 0x00, 0x00, 0x22, 0x2e, 0x04, 0x35, 0x34, 0x3e, 0x04,
  0x17, 0x1e, 0x05, 0x14, 0x0e, 0x03, 0x13, 0x22, 0x06, 0x15, 0x14, 0x16,
  0x33, 0x32, 0x36, 0x35, 0x34, 0x26, 0x21, 0x22, 0x2e, 0x01, 0x37, 0x34,
  0x36, 0x33, 0x32, 0x16, 0x15, 0x14, 0x06, 0x03, 0xf4, 0xf1, 0xe7, 0xc4,
  0xa4, 0x73, 0x41, 0x41, 0x74, 0xa7, 0xc8, 0xef, 0x7d, 0x77, 0xe1, 0xc0,
  0xa0, 0x70, 0x3e, 0x40, 0x73, 0xa4, 0xc4, 0x11, 0x6b, 0x9f, 0x99, 0x71,
  0x6d, 0x9d, 0x99, 0x01, 0x99, 0x47, 0x79, 0x45, 0x05, 0x98, 0x72, 0x6a,
  0x96, 0x9d, 0xfe, 0x66, 0x40, 0x73, 0xa5, 0xc3, 0xe7, 0x79, 0x79, 0xe8,
  0xc5, 0xa6, 0x73, 0x3e, 0x02, 0x02, 0x43, 0x73, 0xa3, 0xc2, 0xe5, 0xf2,
  0xe7, 0xc3, 0xa5, 0x73, 0x05, 0xb6, 0x9f, 0x6b, 0x6d, 0x9e, 0x9a, 0x71,
  0x6d, 0x9d, 0x44, 0x7b, 0x4a, 0x6c, 0x95, 0x9e, 0x6c, 0x6a, 0x96, 0x00,
  0x00, 0x0f, 0xff, 0xfe, 0xfe, 0xd0, 0x08, 0x03, 0x05, 0xf9, 0x00, 0x55,
  0x00, 0x6c, 0x00, 0x83, 0x00, 0x8d, 0x00, 0x9e, 0x00, 0xa9, 0x00, 0xb7,
  0x00, 0xd2, 0x00, 0xee, 0x00, 0xfd, 0x01, 0x0b, 0x01, 0x18, 0x01, 0x30,
  0x01, 0x4a, 0x01, 0x5a, 0x00, 0x00, 0x01, 0x36, 0x16, 0x17, 0x1e, 0x01,
  0x0e, 0x01, 0x07, 0x1e, 0x01, 0x17, 0x1e, 0x03, 0x07, 0x0e, 0x03, 0x07,
  0x06, 0x1e, 0x02, 0x07, 0x0e, 0x03, 0x07, 0x06, 0x2e, 0x02, 0x27, 0x0e,
  0x03, 0x07, 0x0e, 0x02, 0x26, 0x27, 0x2e, 0x01, 0x3e, 0x01, 0x37, 0x2e,
  0x02, 0x27, 0x2e, 0x04, 0x37, 0x3e, 0x04, 0x37, 0x36, 0x2e, 0x02, 0x37,
  0x3e, 0x02, 0x37, 0x1e, 0x03, 0x17, 0x3e, 0x03, 0x17, 0x0e, 0x01, 0x07,
  0x0e, 0x01, 0x1e, 0x02, 0x17, 0x1e, 0x03, 0x17, 0x3e, 0x05, 0x35, 0x26,
  0x05, 0x22, 0x07, 0x0e, 0x01, 0x14, 0x16, 0x17, 0x06, 0x16, 0x3e, 0x02,
  0x17, 0x3e, 0x03, 0x37, 0x2e, 0x03, 0x01, 0x06, 0x07, 0x1e, 0x01, 0x36,
  0x17, 0x36, 0x2e, 0x01, 0x07, 0x22, 0x07, 0x06, 0x07, 0x16, 0x17, 0x16,
  0x37, 0x36, 0x37, 0x26, 0x27, 0x2e, 0x01, 0x0e, 0x01, 0x05, 0x06, 0x07,
  0x0e, 0x01, 0x1e, 0x02, 0x17, 0x3e, 0x01, 0x25, 0x16, 0x17, 0x16, 0x37,
  0x36, 0x37, 0x36, 0x37, 0x36, 0x2e, 0x03, 0x05, 0x06, 0x07, 0x22, 0x07,
  0x0e, 0x04, 0x17, 0x1e, 0x04, 0x17, 0x3e, 0x03, 0x37, 0x36, 0x2e, 0x03,
  0x25, 0x06, 0x07, 0x0e, 0x01, 0x1e, 0x02, 0x17, 0x16, 0x3e, 0x04, 0x37,
  0x3e, 0x05, 0x26, 0x27, 0x2e, 0x03, 0x05, 0x36, 0x1e, 0x01, 0x06, 0x07,
  0x0e, 0x01, 0x26, 0x27, 0x2e, 0x01, 0x3e, 0x02, 0x01, 0x06, 0x07, 0x06,
  0x33, 0x32, 0x37, 0x36, 0x37, 0x3e, 0x01, 0x2e, 0x02, 0x25, 0x06, 0x07,
  0x06, 0x1e, 0x05, 0x17, 0x2e, 0x01, 0x05, 0x06, 0x07, 0x26, 0x0e, 0x03,
  0x07, 0x1e, 0x03, 0x17, 0x1e, 0x03, 0x36, 0x37, 0x3e, 0x01, 0x2e, 0x01,
  0x25, 0x06, 0x07, 0x14, 0x1e, 0x05, 0x17, 0x16, 0x3e, 0x03, 0x37, 0x36,
  0x2e, 0x02, 0x27, 0x2e, 0x03, 0x05, 0x06, 0x27, 0x26, 0x17, 0x16, 0x17,
  0x16, 0x17, 0x1e, 0x01, 0x3e, 0x04, 0x05, 0xa3, 0x2b, 0x4e, 0x19, 0x21,
  0x20, 0x04, 0x0e, 0x0f, 0x1d, 0xcc, 0x2b, 0x25, 0x3e, 0x2f, 0x07, 0x12,
  0x1b, 0x57, 0x70, 0x63, 0x41, 0x0b, 0x05, 0x11, 0x08, 0x08, 0x02, 0x16,
  0x2a, 0x47, 0x2e, 0x3c, 0x77, 0x70, 0x55, 0x34, 0x1a, 0x42, 0x39, 0x4b,
  0x20, 0x28, 0x56, 0x5b, 0x53, 0x1b, 0x21, 0x20, 0x03, 0x0e, 0x0f, 0x15,
  0x66, 0x73, 0x1e, 0x1e, 0x35, 0x2f, 0x19, 0x05, 0x11, 0x15, 0x45, 0x4a,
  0x64, 0x50, 0x35, 0x09, 0x07, 0x11, 0x05, 0x0a, 0x03, 0x2c, 0x58, 0x38,
  0x3c, 0x78, 0x71, 0x58, 0x34, 0x33, 0x53, 0x6c, 0x74, 0x37, 0x49, 0x83,
  0x4e, 0x27, 0x16, 0x19, 0x25, 0x31, 0x0a, 0x13, 0x4c, 0x4c, 0x63, 0x1f,
  0x0c, 0x11, 0x09, 0x05, 0x01, 0x01, 0x0d, 0xfc, 0x50, 0x34, 0x17, 0x18,
  0x17, 0x07, 0x08, 0x02, 0x1d, 0x38, 0x3c, 0x48, 0x16, 0x25, 0x41, 0x29,
  0x3a, 0x1b, 0x2f, 0x43, 0x5f, 0x63, 0x01, 0x72, 0x47, 0x2b, 0x0e, 0x55,
  0x52, 0x26, 0x06, 0x25, 0x41, 0x0a, 0x64, 0x57, 0x67, 0x53, 0x55, 0x66,
  0xb7, 0xbf, 0x62, 0x57, 0x51, 0x56, 0x0e, 0x34, 0x37, 0x3e, 0xfe, 0xbe,
  0x3f, 0x4e, 0x1a, 0x10, 0x0d, 0x15, 0x16, 0x02, 0x14, 0x55, 0x02, 0x6a,
  0x41, 0x1b, 0x16, 0x17, 0x07, 0x0c, 0x0d, 0x07, 0x05, 0x16, 0x2d, 0x30,
  0x35, 0xfc, 0x8f, 0x7c, 0x54, 0x01, 0x01, 0x1d, 0x22, 0x36, 0x1a, 0x10,
  0x06, 0x12, 0x3b, 0x3d, 0x58, 0x3f, 0x30, 0x16, 0x1e, 0x0d, 0x17, 0x0f,
  0x0c, 0x03, 0x1a, 0x1e, 0x1b, 0x04, 0x70, 0x18, 0x2e, 0x12, 0x02, 0x19,
  0x1e, 0x1e, 0x04, 0x0b, 0x27, 0x21, 0x2d, 0x22, 0x2b, 0x0e, 0x12, 0x1c,
  0x26, 0x1a, 0x19, 0x0b, 0x01, 0x09, 0x1c, 0x50, 0x67, 0x53, 0xfd, 0x8a,
  0x34, 0x56, 0x2d, 0x02, 0x1e, 0x22, 0x7f, 0x7b, 0x1b, 0x14, 0x06, 0x1c,
  0x30, 0x47, 0x01, 0xcb, 0x39, 0x20, 0x2d, 0x2b, 0x0c, 0x51, 0x16, 0x0c,
  0x14, 0x08, 0x10, 0x17, 0x17, 0xfc, 0xb7, 0x1d, 0x18, 0x08, 0x01, 0x17,
  0x1c, 0x27, 0x23, 0x23, 0x0a, 0x01, 0x62, 0x03, 0x99, 0x5f, 0x6d, 0x22,
  0x38, 0x29, 0x24, 0x2d, 0x16, 0x03, 0x2a, 0x2d, 0x48, 0x0e, 0x1b, 0x29,
  0x3f, 0x30, 0x33, 0x12, 0x19, 0x16, 0x06, 0x0e, 0xfb, 0xf4, 0x1d, 0x01,
  0x01, 0x04, 0x07, 0x0e, 0x14, 0x1f, 0x14, 0x29, 0x55, 0x44, 0x51, 0x35,
  0x26, 0x09, 0x1c, 0x2e, 0x34, 0x08, 0x17, 0x50, 0x4d, 0x61, 0x02, 0x5b,
  0x67, 0x52, 0x31, 0x01, 0x01, 0x34, 0x1c, 0x08, 0x0a, 0x17, 0x15, 0x14,
  0x15, 0x13, 0x15, 0x05, 0xf8, 0x01, 0x27, 0x23, 0x34, 0x79, 0x88, 0x6b,
  0x48, 0x15, 0x4e, 0x23, 0x17, 0x3d, 0x4f, 0x52, 0x2d, 0x35, 0x57, 0x3f,
  0x2a, 0x16, 0x18, 0x50, 0x4d, 0x5a, 0x21, 0x2d, 0x56, 0x51, 0x36, 0x05,
  0x04, 0x20, 0x44, 0x41, 0x2f, 0x04, 0x2d, 0x34, 0x33, 0x0a, 0x15, 0x18,
  0x04, 0x24, 0x25, 0x32, 0x76, 0x85, 0x68, 0x47, 0x19, 0x29, 0x2e, 0x1d,
  0x13, 0x2f, 0x3c, 0x40, 0x47, 0x23, 0x2b, 0x4c, 0x35, 0x30, 0x1f, 0x11,
  0x1c, 0x5b, 0x54, 0x65, 0x26, 0x37, 0x67, 0x49, 0x01, 0x01, 0x25, 0x46,
  0x46, 0x2f, 0x2f, 0x44, 0x46, 0x27, 0x55, 0x06, 0x48, 0x3e, 0x12, 0x29,
  0x2e, 0x2a, 0x35, 0x14, 0x25, 0x24, 0x02, 0x0a, 0x0d, 0x0b, 0x28, 0x26,
  0x3c, 0x24, 0x43, 0x0b, 0xc5, 0x03, 0x20, 0x24, 0x55, 0x66, 0x42, 0x39,
  0x29, 0x24, 0x03, 0x10, 0x10, 0x03, 0x04, 0x36, 0x41, 0x4f, 0x14, 0x2a,
  0x37, 0x40, 0x24, 0xfe, 0xfc, 0x4e, 0x3a, 0x09, 0x01, 0x06, 0x05, 0x0b,
  0x33, 0x46, 0xda, 0x07, 0x97, 0xad, 0xb3, 0x93, 0x0c, 0x0e, 0x93, 0xb2,
  0xa3, 0x83, 0x15, 0x11, 0x04, 0x01, 0x0e, 0x08, 0x0f, 0x02, 0x1a, 0x2a,
  0x2c, 0x31, 0x0e, 0x0d, 0xa3, 0x16, 0x6a, 0x31, 0x46, 0x34, 0x0f, 0x28,
  0x2a, 0x0c, 0x14, 0x17, 0x07, 0x03, 0x05, 0x2e, 0x24, 0x30, 0x01, 0x12,
  0x15, 0x2b, 0x25, 0x36, 0x1b, 0x25, 0x41, 0x2c, 0x2c, 0x18, 0x11, 0x02,
  0x32, 0x3e, 0x49, 0x12, 0x22, 0x36, 0x45, 0x37, 0x46, 0x1c, 0x53, 0x6d,
  0x1d, 0x3f, 0x3e, 0x3b, 0x45, 0x1c, 0x07, 0x04, 0x09, 0x16, 0x11, 0x17,
  0x06, 0x0b, 0x13, 0x1e, 0x1a, 0x23, 0x22, 0x28, 0x14, 0x2b, 0x44, 0x33,
  0x20, 0x37, 0x02, 0x39, 0x55, 0x68, 0x2a, 0x37, 0x24, 0x31, 0x3a, 0x21,
  0x4f, 0x45, 0x3a, 0x21, 0xfe, 0xe1, 0x6b, 0x36, 0x31, 0x11, 0x04, 0x01,
  0x05, 0x1f, 0x2c, 0x2c, 0x31, 0x0c, 0x43, 0x47, 0x12, 0x17, 0x0d, 0x06,
  0x03, 0x01, 0x05, 0x04, 0x18, 0x9d, 0xe9, 0x17, 0x0c, 0x02, 0x1e, 0x35,
  0x37, 0x3d, 0x11, 0x15, 0x30, 0x1f, 0x2e, 0x0a, 0x0f, 0x14, 0x15, 0x01,
  0x14, 0x18, 0x2d, 0x69, 0x74, 0x5b, 0x3a, 0x78, 0x63, 0x19, 0x1a, 0x34,
  0x1f, 0x2b, 0x1b, 0x19, 0x06, 0x03, 0x14, 0x1e, 0x37, 0x2a, 0x21, 0x14,
  0x33, 0x2b, 0x39, 0x15, 0x1e, 0x1d, 0x02, 0x0b, 0x22, 0x03, 0x01, 0x0a,
  0x12, 0x0e, 0x38, 0x1f, 0x0c, 0x0b, 0x02, 0x10, 0x19, 0x20, 0x1d, 0x1b,
  0x00, 0x11, 0x00, 0xfc, 0xfe, 0x60, 0x06, 0xf6, 0x06, 0x68, 0x00, 0x33,
  0x00, 0x43, 0x00, 0x57, 0x00, 0x67, 0x00, 0x76, 0x00, 0x8a, 0x00, 0x99,
  0x00, 0xa4, 0x00, 0xaf, 0x00, 0xd4, 0x00, 0xe5, 0x00, 0xf2, 0x00, 0xfb,
  0x01, 0x0e, 0x01, 0x1f, 0x01, 0x35, 0x01, 0x4c, 0x00, 0x00, 0x01, 0x36,
  0x1e, 0x02, 0x17, 0x1e, 0x06, 0x15, 0x1e, 0x02, 0x17, 0x02, 0x07, 0x0e,
  0x03, 0x07, 0x06, 0x25, 0x26, 0x27, 0x2e, 0x02, 0x27, 0x26, 0x34, 0x12,
  0x35, 0x36, 0x2e, 0x02, 0x27, 0x2e, 0x01, 0x3e, 0x01, 0x37, 0x3e, 0x04,
  0x17, 0x0e, 0x01, 0x07, 0x0e, 0x01, 0x1e, 0x01, 0x37, 0x16, 0x36, 0x37,
  0x36, 0x2e, 0x02, 0x05, 0x36, 0x16, 0x17, 0x16, 0x07, 0x06, 0x07, 0x06,
  0x27, 0x26, 0x3e, 0x02, 0x27, 0x06, 0x27, 0x26, 0x37, 0x36, 0x07, 0x16,
  0x17, 0x1e, 0x01, 0x06, 0x07, 0x0e, 0x01, 0x2e, 0x01, 0x27, 0x26, 0x3e,
  0x02, 0x05, 0x26, 0x06, 0x07, 0x06, 0x16, 0x17, 0x16, 0x3e, 0x02, 0x37,
  0x36, 0x2e, 0x01, 0x05, 0x1e, 0x02, 0x06, 0x07, 0x0e, 0x02, 0x16, 0x17,
  0x16, 0x0e, 0x01, 0x26, 0x27, 0x2e, 0x01, 0x3e, 0x01, 0x05, 0x16, 0x17,
  0x1e, 0x01, 0x06, 0x07, 0x0e, 0x01, 0x2e, 0x01, 0x27, 0x26, 0x3e, 0x01,
  0x05, 0x0e, 0x01, 0x17, 0x16, 0x37, 0x36, 0x37, 0x36, 0x27, 0x26, 0x05,
  0x0e, 0x01, 0x1e, 0x01, 0x37, 0x16, 0x37, 0x36, 0x27, 0x26, 0x05, 0x06,
  0x07, 0x0e, 0x03, 0x16, 0x17, 0x36, 0x1e, 0x01, 0x0e, 0x01, 0x15, 0x1e,
  0x01, 0x3e, 0x01, 0x17, 0x1e, 0x01, 0x3e, 0x01, 0x26, 0x27, 0x3e, 0x04,
  0x26, 0x27, 0x2e, 0x03, 0x17, 0x16, 0x17, 0x16, 0x07, 0x06, 0x27, 0x2e,
  0x01, 0x06, 0x26, 0x27, 0x34, 0x36, 0x1e, 0x01, 0x36, 0x07, 0x32, 0x06,
  0x15, 0x16, 0x07, 0x06, 0x27, 0x26, 0x27, 0x26, 0x3e, 0x01, 0x17, 0x1e,
  0x01, 0x07, 0x06, 0x27, 0x26, 0x27, 0x34, 0x01, 0x1e, 0x02, 0x17, 0x1e,
  0x01, 0x06, 0x2e, 0x01, 0x27, 0x16, 0x07, 0x06, 0x27, 0x26, 0x27, 0x26,
  0x36, 0x05, 0x1e, 0x01, 0x0e, 0x01, 0x07, 0x06, 0x26, 0x3e, 0x02, 0x07,
  0x26, 0x37, 0x36, 0x37, 0x36, 0x01, 0x16, 0x17, 0x16, 0x27, 0x26, 0x27,
  0x26, 0x27, 0x17, 0x16, 0x17, 0x16, 0x07, 0x06, 0x27, 0x26, 0x27, 0x2e,
  0x01, 0x3e, 0x01, 0x05, 0x36, 0x17, 0x16, 0x07, 0x06, 0x07, 0x06, 0x07,
  0x06, 0x27, 0x26, 0x37, 0x36, 0x07, 0x06, 0x07, 0x06, 0x07, 0x26, 0x3e,
  0x02, 0x04, 0x1a, 0x43, 0x7c, 0x7d, 0x6b, 0x24, 0x1b, 0x28, 0x18, 0x10,
  0x09, 0x03, 0x03, 0x01, 0x06, 0x09, 0x01, 0x01, 0x6d, 0x0f, 0x34, 0x22,
  0x4e, 0x0b, 0xcc, 0xfe, 0xd5, 0x90, 0x73, 0x2e, 0x4b, 0x2a, 0x0b, 0x0a,
  0x0b, 0x05, 0x05, 0x05, 0x0a, 0x03, 0x08, 0x01, 0x13, 0x3a, 0x2f, 0x27,
  0x68, 0x64, 0x82, 0x64, 0xf2, 0x2c, 0x53, 0x19, 0x1f, 0x01, 0x30, 0x59,
  0x33, 0x4d, 0x7f, 0x01, 0x09, 0x1e, 0x3d, 0x54, 0x01, 0x16, 0x2c, 0x4e,
  0x10, 0x1e, 0x1b, 0x16, 0x20, 0x1e, 0x0c, 0x0c, 0x04, 0x12, 0x07, 0x09,
  0x23, 0x2a, 0x28, 0x0e, 0x0a, 0xfc, 0x1f, 0x22, 0x36, 0x34, 0x18, 0x32,
  0x24, 0x5d, 0x53, 0x41, 0x0b, 0x0a, 0x1a, 0x38, 0x4f, 0xfe, 0x32, 0x44,
  0x78, 0x05, 0x0b, 0x3d, 0x3c, 0x29, 0x5c, 0x50, 0x3b, 0x08, 0x0d, 0x33,
  0x66, 0xfe, 0x83, 0x1f, 0x22, 0x10, 0x10, 0x18, 0x11, 0x24, 0x1b, 0x02,
  0x14, 0x08, 0x10, 0x1e, 0x26, 0x0e, 0x18, 0x03, 0x22, 0x40, 0x01, 0x70,
  0x1f, 0x0f, 0x3b, 0x45, 0x06, 0x29, 0x20, 0x64, 0x5d, 0x4a, 0x09, 0x0d,
  0x2f, 0x5f, 0x01, 0xaf, 0x21, 0x23, 0x15, 0x25, 0x2b, 0x20, 0x05, 0x07,
  0x2c, 0x0e, 0xfd, 0xfd, 0x19, 0x19, 0x04, 0x22, 0x1b, 0x31, 0x0c, 0x0a,
  0x1a, 0x17, 0x01, 0x3e, 0x12, 0x10, 0x07, 0x31, 0x1f, 0x1d, 0x05, 0x14,
  0x16, 0x18, 0x05, 0x01, 0x05, 0x01, 0x1a, 0x1f, 0x23, 0x06, 0x16, 0x21,
  0x12, 0x09, 0x01, 0x04, 0x05, 0x16, 0x14, 0x14, 0x0b, 0x02, 0x0a, 0x12,
  0x29, 0x1c, 0x2f, 0x30, 0x24, 0x17, 0x1a, 0x1a, 0x0e, 0x1d, 0x16, 0x41,
  0x35, 0x3b, 0x13, 0x1d, 0x30, 0x35, 0x38, 0x3d, 0x04, 0x02, 0x09, 0x12,
  0x13, 0x1c, 0x04, 0x05, 0x03, 0x02, 0x22, 0x3b, 0x25, 0x1c, 0x07, 0x14,
  0x1a, 0x18, 0x01, 0x02, 0x92, 0x19, 0x17, 0x25, 0x0b, 0x0a, 0x04, 0x09,
  0x11, 0x13, 0x0b, 0x27, 0x0d, 0x0c, 0x1d, 0x14, 0x0c, 0x1a, 0x02, 0xfb,
  0x02, 0x14, 0x03, 0x17, 0x27, 0x13, 0x18, 0x0d, 0x0f, 0x0c, 0x01, 0x15,
  0x24, 0x1a, 0x1b, 0x2b, 0x11, 0x04, 0x6f, 0x3c, 0x20, 0x03, 0x0d, 0x0a,
  0x18, 0x09, 0x02, 0x03, 0x02, 0x04, 0x1e, 0x1b, 0x19, 0x1e, 0x11, 0x05,
  0x1e, 0x15, 0x0f, 0x28, 0xfc, 0x67, 0x14, 0x29, 0x2c, 0x11, 0x03, 0x05,
  0x09, 0x1c, 0x53, 0x16, 0x11, 0x08, 0x1e, 0x0b, 0x0b, 0x12, 0x0a, 0x03,
  0x14, 0x0a, 0x23, 0x32, 0x06, 0x66, 0x01, 0x10, 0x26, 0x49, 0x34, 0x25,
  0x4f, 0x5d, 0x48, 0x72, 0x3c, 0x80, 0x17, 0x59, 0xc2, 0xff, 0x3a, 0xfe,
  0xec, 0x97, 0x18, 0x2d, 0x17, 0x2e, 0x06, 0x52, 0x1d, 0x0a, 0x69, 0x0b,
  0x4d, 0x59, 0x33, 0x5b, 0xc5, 0x01, 0x0d, 0x38, 0x16, 0x4c, 0x2c, 0x4c,
  0x17, 0x5b, 0x97, 0xad, 0x9d, 0x41, 0x2b, 0x40, 0x23, 0x14, 0x07, 0x4f,
  0x02, 0x31, 0x26, 0x2a, 0x6b, 0x59, 0x3c, 0x02, 0x06, 0x5e, 0x4c, 0x2c,
  0x55, 0x3b, 0x23, 0x03, 0x01, 0x23, 0x25, 0x1f, 0x41, 0x34, 0x0e, 0x0f,
  0x2c, 0x0e, 0x1c, 0x16, 0x1d, 0x0e, 0x06, 0x22, 0x1f, 0x15, 0x10, 0x14,
  0x02, 0x12, 0x18, 0x70, 0x77, 0x21, 0x1c, 0x0a, 0x1c, 0x42, 0x2d, 0x29,
  0x50, 0x39, 0x20, 0x05, 0x04, 0x5f, 0x44, 0x40, 0x76, 0x17, 0x16, 0x06,
  0x25, 0x49, 0x2d, 0x38, 0x6c, 0x40, 0x0b, 0x01, 0x07, 0x10, 0x1c, 0x16,
  0x02, 0x0f, 0x16, 0x21, 0x11, 0x15, 0x26, 0x13, 0x0d, 0x1a, 0x1d, 0x4a,
  0x3d, 0x28, 0x11, 0x02, 0x05, 0x09, 0x64, 0x7b, 0x29, 0x26, 0x1a, 0x15,
  0x45, 0x32, 0x34, 0x65, 0x39, 0x68, 0x06, 0x3b, 0x1d, 0x33, 0x1a, 0x13,
  0x26, 0x2d, 0x0d, 0x04, 0x0f, 0x07, 0x2b, 0x2c, 0x21, 0x02, 0x03, 0x2a,
  0x26, 0x1e, 0x1a, 0xad, 0x02, 0x04, 0x07, 0x2a, 0x20, 0x2b, 0x2b, 0x13,
  0x03, 0x07, 0x14, 0x16, 0x23, 0x0b, 0x1e, 0x11, 0x0e, 0x0c, 0x05, 0x11,
  0x01, 0x18, 0x24, 0x29, 0x11, 0x03, 0x09, 0x09, 0x0e, 0x11, 0x19, 0x10,
  0x0c, 0x2d, 0x23, 0x1a, 0x4a, 0x08, 0x26, 0x28, 0x12, 0x0a, 0x02, 0x13,
  0x02, 0x11, 0x02, 0x14, 0x27, 0x20, 0x03, 0x0a, 0x08, 0x5a, 0x15, 0x01,
  0x25, 0x2a, 0x2e, 0x1f, 0x05, 0x07, 0x1a, 0x30, 0x20, 0x04, 0x01, 0x37,
  0x25, 0x32, 0x19, 0x16, 0x30, 0x1f, 0xfe, 0x79, 0x06, 0x06, 0x13, 0x0c,
  0x10, 0x13, 0x07, 0x01, 0x05, 0x05, 0x10, 0x11, 0x0f, 0x06, 0x04, 0x0f,
  0x09, 0x4a, 0x03, 0x0b, 0x2a, 0x29, 0x20, 0x03, 0x02, 0x0f, 0x15, 0x12,
  0x04, 0x09, 0x04, 0x1e, 0x20, 0x0d, 0x05, 0xfc, 0x9a, 0x06, 0x59, 0x24,
  0x05, 0x03, 0x20, 0x0c, 0x01, 0x0b, 0x06, 0x0a, 0x29, 0x06, 0x05, 0x18,
  0x0d, 0x11, 0x09, 0x24, 0x21, 0x19, 0x08, 0x04, 0x21, 0x23, 0x0d, 0x03,
  0x01, 0x05, 0x13, 0x3a, 0x07, 0x05, 0x28, 0x24, 0x02, 0x03, 0x19, 0x0d,
  0x0d, 0x0f, 0x2b, 0x28, 0x1e, 0x00, 0x00, 0x02, 0x00, 0x00, 0xff, 0xdc,
  0x08, 0x00, 0x04, 0xf0, 0x00, 0x08, 0x00, 0x45, 0x00, 0x00, 0x01, 0x21,
  0x11, 0x21, 0x11, 0x21, 0x35, 0x21, 0x15, 0x01, 0x34, 0x26, 0x27, 0x2e,
  0x06, 0x27, 0x26, 0x27, 0x26, 0x35, 0x34, 0x37, 0x36, 0x33, 0x32, 0x17,
  0x16, 0x15, 0x23, 0x34, 0x26, 0x27, 0x26, 0x23, 0x22, 0x07, 0x06, 0x15,
  0x14, 0x17, 0x1e, 0x01, 0x17, 0x16, 0x17, 0x16, 0x15, 0x14, 0x06, 0x07,
  0x06, 0x23, 0x22, 0x27, 0x26, 0x37, 0x33, 0x14, 0x17, 0x1e, 0x01, 0x33,
  0x32, 0x37, 0x36, 0x03, 0xd6, 0xfe, 0x9a, 0xfe, 0xf8, 0xfe, 0x98, 0x03,
  0xcc, 0x03, 0x36, 0x19, 0x1b, 0x06, 0x11, 0x18, 0x13, 0x23, 0x15, 0x2e,
  0x0c, 0xd8, 0x84, 0x74, 0x8a, 0x80, 0xd0, 0xcc, 0x86, 0x80, 0xf4, 0x1e,
  0x20, 0x46, 0x64, 0x66, 0x38, 0x34, 0x3e, 0x1e, 0x5b, 0x5b, 0xcd, 0x6f,
  0x6a, 0x41, 0x3f, 0x80, 0xd0, 0xdf, 0x89, 0xa0, 0x0e, 0xfc, 0x4a, 0x20,
  0x67, 0x37, 0x74, 0x2a, 0x2a, 0x04, 0x28, 0xfb, 0xca, 0x04, 0x36, 0xbe,
  0xbe, 0xfd, 0x12, 0x25, 0x34, 0x1b, 0x06, 0x0c, 0x0d, 0x09, 0x0e, 0x08,
  0x11, 0x05, 0x3d, 0x61, 0x63, 0x91, 0xa2, 0x5a, 0x60, 0x76, 0x6e, 0xa2,
  0x2d, 0x45, 0x20, 0x36, 0x2a, 0x29, 0x4b, 0x3a, 0x30, 0x16, 0x23, 0x1b,
  0x3f, 0x5f, 0x5a, 0xa4, 0x52, 0x86, 0x26, 0x60, 0x6a, 0x7d, 0xb7, 0x70,
  0x3a, 0x18, 0x1c, 0x2a, 0x40, 0x00, 0x00, 0x01, 0x00, 0x00, 0xfe, 0xa9,
  0x08, 0x00, 0x06, 0x23, 0x00, 0x30, 0x00, 0x00, 0x13, 0x05, 0x17, 0x15,
  0x07, 0x23, 0x22, 0x07, 0x06, 0x15, 0x03, 0x15, 0x16, 0x15, 0x16, 0x17,
  0x16, 0x33, 0x36, 0x37, 0x01, 0x34, 0x33, 0x36, 0x35, 0x36, 0x35, 0x34,
  0x27, 0x26, 0x2b, 0x01, 0x27, 0x35, 0x37, 0x05, 0x17, 0x15, 0x01, 0x23,
  0x27, 0x03, 0x34, 0x27, 0x26, 0x23, 0x2f, 0x01, 0x35, 0x20, 0x02, 0xf2,
  0x2e, 0x26, 0x3e, 0x0c, 0x06, 0x04, 0x06, 0x04, 0x02, 0x04, 0x0a, 0x04,
  0x08, 0x0a, 0x02, 0x4c, 0x04, 0x04, 0x02, 0x06, 0x02, 0x10, 0x32, 0x22,
  0x26, 0x02, 0xe2, 0x24, 0xf9, 0x70, 0xbc, 0x36, 0x04, 0x06, 0x03, 0x0d,
  0x3c, 0x28, 0x06, 0x22, 0x0e, 0x34, 0x86, 0x2a, 0x06, 0x0a, 0x0a, 0xfd,
  0xc6, 0x04, 0x04, 0x06, 0x06, 0x04, 0x04, 0x03, 0x07, 0x02, 0x40, 0x02,
  0x04, 0x06, 0x08, 0x04, 0x08, 0x02, 0x04, 0x2e, 0x88, 0x36, 0x08, 0x24,
  0x9c, 0xf9, 0x56, 0x3a, 0x06, 0x3a, 0x08, 0x06, 0x08, 0x02, 0x24, 0xa6,
  0x00, 0x02, 0x00, 0x50, 0xfe, 0x66, 0x07, 0xa7, 0x06, 0x66, 0x00, 0x6e,
  0x00, 0x89, 0x00, 0x00, 0x01, 0x2e, 0x06, 0x06, 0x07, 0x0e, 0x01, 0x2e,
  0x07, 0x23, 0x26, 0x3e, 0x05, 0x37, 0x2e, 0x01, 0x36, 0x37, 0x36, 0x17,
  0x16, 0x17, 0x37, 0x26, 0x37, 0x36, 0x17, 0x16, 0x15, 0x14, 0x17, 0x3e,
  0x05, 0x33, 0x32, 0x16, 0x0e, 0x04, 0x07, 0x0e, 0x01, 0x07, 0x1e, 0x03,
  0x17, 0x1e, 0x01, 0x36, 0x16, 0x17, 0x36, 0x16, 0x17, 0x1e, 0x03, 0x06,
  0x0f, 0x01, 0x16, 0x06, 0x26, 0x27, 0x2e, 0x01, 0x06, 0x22, 0x27, 0x0e,
  0x01, 0x2e, 0x01, 0x2f, 0x01, 0x0e, 0x03, 0x1e, 0x01, 0x17, 0x1e, 0x04,
  0x01, 0x26, 0x02, 0x37, 0x3e, 0x03, 0x37, 0x3e, 0x05, 0x37, 0x06, 0x1e,
  0x01, 0x17, 0x0e, 0x06, 0x06, 0x6c, 0x02, 0x28, 0x30, 0x53, 0x5b, 0x7d,
  0x83, 0xa5, 0x56, 0x3a, 0x6d, 0x56, 0x4e, 0x3b, 0x34, 0x25, 0x1e, 0x13,
  0x0c, 0x02, 0x0b, 0x28, 0x53, 0x6c, 0x76, 0x68, 0x53, 0x0f, 0x29, 0x17,
  0x17, 0x20, 0x17, 0x22, 0x1a, 0x0e, 0x6c, 0x09, 0x29, 0x1b, 0x0f, 0x06,
  0x23, 0x20, 0x2e, 0x40, 0x30, 0x32, 0x25, 0x0c, 0x07, 0x04, 0x06, 0x0b,
  0x0f, 0x0f, 0x0f, 0x05, 0x1c, 0x40, 0x1c, 0x12, 0x34, 0x1b, 0x1e, 0x08,
  0x41, 0x73, 0x4a, 0x71, 0x33, 0x1f, 0x2d, 0x02, 0x02, 0x0c, 0x09, 0x09,
  0x01, 0x03, 0x56, 0x27, 0x51, 0x7c, 0x21, 0x1e, 0x46, 0x37, 0x4c, 0x23,
  0x20, 0x51, 0x45, 0x3c, 0x11, 0x11, 0x03, 0x17, 0x14, 0x09, 0x0d, 0x36,
  0x30, 0x54, 0x99, 0x66, 0x4f, 0x25, 0xfa, 0xb4, 0x61, 0x6d, 0x0c, 0x0b,
  0x51, 0x65, 0x6d, 0x2a, 0x16, 0x59, 0x26, 0x42, 0x27, 0x30, 0x15, 0x01,
  0x01, 0x1d, 0x22, 0x11, 0x56, 0x6a, 0x78, 0x6b, 0x52, 0x21, 0xfe, 0x66,
  0x02, 0x25, 0x2a, 0x37, 0x2f, 0x27, 0x10, 0x0d, 0x18, 0x12, 0x0e, 0x07,
  0x13, 0x1f, 0x24, 0x25, 0x23, 0x1c, 0x10, 0x39, 0x71, 0x65, 0x65, 0x6d,
  0x6e, 0x88, 0x46, 0x42, 0x84, 0x77, 0x4c, 0x43, 0x1e, 0x18, 0x3d, 0x13,
  0x3b, 0x2e, 0x1d, 0x09, 0x04, 0x0b, 0x3d, 0x31, 0x45, 0x60, 0x83, 0x58,
  0x53, 0x2a, 0x10, 0x1c, 0x24, 0x2c, 0x2a, 0x2e, 0x12, 0x4b, 0xcc, 0x3f,
  0x07, 0x0d, 0x08, 0x1c, 0x18, 0x25, 0x1f, 0x01, 0x03, 0x0a, 0x16, 0x12,
  0x20, 0x04, 0x0e, 0x0b, 0x16, 0x19, 0x15, 0x4d, 0x3b, 0x46, 0x02, 0x07,
  0x0b, 0x03, 0x09, 0x09, 0x30, 0x30, 0x01, 0x0f, 0x0a, 0x0b, 0x0b, 0x3d,
  0x37, 0x4d, 0x41, 0x45, 0x1a, 0x31, 0x91, 0x8d, 0x8a, 0x5d, 0x01, 0x85,
  0x34, 0x01, 0x0a, 0xb6, 0x46, 0x92, 0x6c, 0x4a, 0x08, 0x04, 0x0d, 0x07,
  0x10, 0x13, 0x20, 0x16, 0x30, 0x49, 0x53, 0x30, 0x3e, 0x7e, 0x69, 0x6a,
  0x65, 0x64, 0x70, 0x00, 0x00, 0x09, 0x00, 0x00, 0xfe, 0x71, 0x08, 0x00,
  0x06, 0x5b, 0x00, 0x03, 0x00, 0x07, 0x00, 0x0b, 0x00, 0x0f, 0x00, 0x13,
  0x00, 0x17, 0x00, 0x1b, 0x00, 0x1f, 0x00, 0x23, 0x00, 0x00, 0x11, 0x21,
  0x11, 0x21, 0x01, 0x15, 0x21, 0x35, 0x33, 0x15, 0x21, 0x35, 0x01, 0x15,
  0x21, 0x35, 0x33, 0x15, 0x21, 0x35, 0x01, 0x15, 0x21, 0x35, 0x33, 0x15,
  0x21, 0x35, 0x01, 0x15, 0x21, 0x35, 0x33, 0x15, 0x21, 0x35, 0x08, 0x00,
  0xf8, 0x00, 0x01, 0x4a, 0x02, 0x46, 0xd6, 0x02, 0x44, 0xfa, 0xa0, 0x02,
  0x46, 0xd6, 0x02, 0x44, 0xfa, 0xa0, 0x02, 0x46, 0xd6, 0x02, 0x44, 0xfa,
  0xa0, 0x02, 0x46, 0xd6, 0x02, 0x44, 0x06, 0x5a, 0xf8, 0x18, 0x06, 0x44,
  0x94, 0x94, 0x94, 0x94, 0xfe, 0xac, 0x96, 0x96, 0x96, 0x96, 0xfe, 0xaa,
  0x96, 0x96, 0x96, 0x96, 0xfe, 0xaa, 0x94, 0x94, 0x94, 0x94, 0x00, 0x01,
  0x00, 0x67, 0xfe, 0x64, 0x07, 0x9c, 0x06, 0x74, 0x00, 0x2e, 0x00, 0x00,
  0x01, 0x1e, 0x01, 0x06, 0x07, 0x0e, 0x01, 0x07, 0x14, 0x06, 0x15, 0x0e,
  0x07, 0x26, 0x27, 0x2e, 0x01, 0x1a, 0x02, 0x36, 0x37, 0x26, 0x37, 0x3e,
  0x02, 0x17, 0x1e, 0x02, 0x07, 0x1e, 0x01, 0x17, 0x16, 0x17, 0x36, 0x37,
  0x36, 0x24, 0x07, 0x4c, 0x38, 0x18, 0x44, 0x48, 0x38, 0x89, 0x46, 0x01,
  0x09, 0x53, 0x82, 0xa4, 0xbb, 0xc1, 0xc0, 0xa8, 0x8f, 0x2e, 0x42, 0x3b,
  0x0b, 0x3e, 0x60, 0x7b, 0x3c, 0x0e, 0x2c, 0x25, 0x80, 0x98, 0x44, 0x43,
  0x50, 0x06, 0x20, 0x54, 0x8e, 0x27, 0x3d, 0x3b, 0x0c, 0x05, 0x6f, 0x01,
  0x15, 0x04, 0x11, 0x37, 0xa8, 0xb4, 0x4a, 0x3a, 0x45, 0x08, 0x01, 0x05,
  0x01, 0x29, 0x76, 0x85, 0x8f, 0x87, 0x7a, 0x59, 0x35, 0x03, 0x20, 0x30,
  0xe9, 0x01, 0x24, 0x01, 0x4c, 0x01, 0x25, 0xe8, 0x30, 0x75, 0x7c, 0x66,
  0x95, 0x3b, 0x19, 0x18, 0x8b, 0xb8, 0x69, 0x12, 0x38, 0x1d, 0x2b, 0x4e,
  0x0e, 0x05, 0x72, 0x2a, 0x00, 0x02, 0x00, 0x91, 0xfe, 0x66, 0x07, 0x6f,
  0x06, 0x72, 0x00, 0x13, 0x00, 0x22, 0x00, 0x00, 0x01, 0x11, 0x21, 0x11,
  0x21, 0x35, 0x34, 0x37, 0x34, 0x37, 0x3e, 0x03, 0x17, 0x1e, 0x02, 0x15,
  0x11, 0x21, 0x34, 0x36, 0x35, 0x34, 0x27, 0x34, 0x27, 0x2e, 0x01, 0x07,
  0x0e, 0x01, 0x15, 0x11, 0x07, 0x6e, 0xf9, 0x24, 0x01, 0x26, 0x02, 0x06,
  0x10, 0x7d, 0xb4, 0xe7, 0x76, 0x8c, 0xe2, 0x80, 0xfe, 0xda, 0x02, 0x02,
  0x06, 0x17, 0xb5, 0x7a, 0x6b, 0x93, 0x02, 0xf8, 0xfb, 0x6e, 0x04, 0x92,
  0x19, 0xb0, 0x59, 0x36, 0x21, 0x77, 0xca, 0x85, 0x3a, 0x13, 0x16, 0xa5,
  0xf9, 0x8e, 0xfe, 0xdc, 0x04, 0x0a, 0x01, 0xbc, 0x60, 0x12, 0x20, 0x75,
  0x82, 0x0c, 0x0b, 0xaa, 0x71, 0xfe, 0xde, 0x00, 0x00, 0x0a, 0x00, 0x06,
  0xfe, 0x66, 0x07, 0xfa, 0x06, 0x68, 0x01, 0x9d, 0x01, 0xe5, 0x02, 0x1f,
  0x02, 0x34, 0x02, 0x43, 0x02, 0x4b, 0x02, 0x55, 0x02, 0x5d, 0x02, 0x69,
  0x02, 0x73, 0x00, 0x00, 0x01, 0x15, 0x17, 0x33, 0x3e, 0x01, 0x37, 0x36,
  0x16, 0x07, 0x0e, 0x01, 0x07, 0x15, 0x17, 0x14, 0x3b, 0x01, 0x32, 0x1d,
  0x01, 0x0e, 0x02, 0x07, 0x15, 0x16, 0x15, 0x33, 0x1e, 0x01, 0x17, 0x32,
  0x16, 0x07, 0x0e, 0x01, 0x07, 0x15, 0x14, 0x1e, 0x01, 0x17, 0x1e, 0x01,
  0x17, 0x1e, 0x01, 0x07, 0x06, 0x07, 0x15, 0x16, 0x33, 0x1e, 0x01, 0x17,
  0x16, 0x14, 0x07, 0x0e, 0x01, 0x07, 0x15, 0x14, 0x16, 0x17, 0x16, 0x17,
  0x16, 0x06, 0x07, 0x06, 0x07, 0x22, 0x15, 0x06, 0x14, 0x16, 0x15, 0x16,
  0x17, 0x16, 0x06, 0x07, 0x22, 0x07, 0x06, 0x07, 0x22, 0x06, 0x2b, 0x01,
  0x14, 0x06, 0x15, 0x14, 0x15, 0x14, 0x17, 0x1e, 0x01, 0x17, 0x16, 0x06,
  0x07, 0x23, 0x06, 0x15, 0x1e, 0x01, 0x17, 0x16, 0x06, 0x23, 0x2e, 0x01,
  0x27, 0x23, 0x07, 0x06, 0x33, 0x15, 0x14, 0x2b, 0x01, 0x26, 0x27, 0x23,
  0x22, 0x06, 0x15, 0x14, 0x06, 0x15, 0x14, 0x06, 0x27, 0x26, 0x27, 0x23,
  0x22, 0x06, 0x15, 0x0e, 0x01, 0x07, 0x06, 0x23, 0x22, 0x26, 0x27, 0x35,
  0x26, 0x27, 0x23, 0x22, 0x06, 0x15, 0x0e, 0x01, 0x07, 0x06, 0x22, 0x27,
  0x2e, 0x01, 0x27, 0x23, 0x22, 0x06, 0x0f, 0x01, 0x06, 0x23, 0x22, 0x35,
  0x34, 0x35, 0x27, 0x34, 0x2b, 0x01, 0x0e, 0x03, 0x07, 0x2e, 0x04, 0x35,
  0x26, 0x35, 0x34, 0x23, 0x22, 0x26, 0x23, 0x22, 0x06, 0x07, 0x0e, 0x01,
  0x07, 0x06, 0x26, 0x3d, 0x01, 0x27, 0x23, 0x0e, 0x01, 0x07, 0x06, 0x26,
  0x37, 0x3e, 0x01, 0x37, 0x35, 0x27, 0x23, 0x22, 0x3d, 0x01, 0x3e, 0x02,
  0x37, 0x35, 0x36, 0x23, 0x34, 0x26, 0x2b, 0x01, 0x22, 0x26, 0x23, 0x22,
  0x26, 0x37, 0x36, 0x37, 0x35, 0x34, 0x26, 0x27, 0x26, 0x23, 0x2e, 0x01,
  0x27, 0x2e, 0x01, 0x37, 0x3e, 0x01, 0x37, 0x35, 0x34, 0x23, 0x2e, 0x01,
  0x27, 0x26, 0x34, 0x37, 0x3e, 0x01, 0x37, 0x35, 0x2f, 0x01, 0x26, 0x34,
  0x37, 0x32, 0x35, 0x37, 0x35, 0x36, 0x34, 0x26, 0x35, 0x2e, 0x01, 0x27,
  0x26, 0x36, 0x33, 0x3e, 0x01, 0x37, 0x33, 0x34, 0x36, 0x35, 0x34, 0x35,
  0x34, 0x27, 0x2e, 0x01, 0x27, 0x26, 0x36, 0x3b, 0x01, 0x34, 0x33, 0x35,
  0x26, 0x35, 0x26, 0x36, 0x17, 0x32, 0x17, 0x33, 0x37, 0x36, 0x23, 0x35,
  0x34, 0x3b, 0x01, 0x1e, 0x02, 0x17, 0x33, 0x36, 0x35, 0x32, 0x36, 0x37,
  0x35, 0x34, 0x36, 0x35, 0x34, 0x36, 0x17, 0x16, 0x17, 0x33, 0x32, 0x36,
  0x37, 0x34, 0x37, 0x3e, 0x01, 0x37, 0x3e, 0x01, 0x33, 0x17, 0x1e, 0x01,
  0x17, 0x33, 0x32, 0x36, 0x3f, 0x01, 0x3e, 0x01, 0x37, 0x3e, 0x01, 0x1f,
  0x01, 0x1e, 0x01, 0x17, 0x33, 0x32, 0x36, 0x37, 0x35, 0x36, 0x37, 0x36,
  0x32, 0x17, 0x15, 0x16, 0x1f, 0x01, 0x33, 0x36, 0x37, 0x36, 0x16, 0x15,
  0x14, 0x16, 0x15, 0x06, 0x3b, 0x01, 0x16, 0x32, 0x35, 0x36, 0x37, 0x36,
  0x16, 0x15, 0x01, 0x21, 0x32, 0x17, 0x16, 0x17, 0x16, 0x15, 0x14, 0x07,
  0x06, 0x07, 0x06, 0x23, 0x1e, 0x01, 0x17, 0x1e, 0x03, 0x17, 0x16, 0x15,
  0x14, 0x17, 0x1e, 0x01, 0x33, 0x32, 0x37, 0x3e, 0x02, 0x37, 0x35, 0x34,
  0x36, 0x3b, 0x01, 0x35, 0x2e, 0x01, 0x27, 0x2e, 0x01, 0x27, 0x2e, 0x01,
  0x37, 0x36, 0x37, 0x35, 0x2e, 0x02, 0x27, 0x26, 0x27, 0x23, 0x06, 0x07,
  0x06, 0x22, 0x2f, 0x01, 0x23, 0x06, 0x07, 0x06, 0x07, 0x06, 0x01, 0x21,
  0x22, 0x27, 0x26, 0x27, 0x2e, 0x04, 0x35, 0x34, 0x27, 0x2e, 0x01, 0x2b,
  0x01, 0x15, 0x33, 0x32, 0x16, 0x1d, 0x01, 0x14, 0x06, 0x23, 0x21, 0x16,
  0x17, 0x33, 0x36, 0x33, 0x36, 0x16, 0x17, 0x1e, 0x01, 0x17, 0x15, 0x1e,
  0x02, 0x33, 0x16, 0x37, 0x36, 0x37, 0x35, 0x3e, 0x01, 0x37, 0x36, 0x1f,
  0x01, 0x33, 0x34, 0x36, 0x01, 0x17, 0x14, 0x16, 0x14, 0x07, 0x14, 0x0e,
  0x01, 0x07, 0x06, 0x07, 0x22, 0x1d, 0x01, 0x14, 0x17, 0x14, 0x3b, 0x01,
  0x11, 0x05, 0x33, 0x32, 0x37, 0x3e, 0x02, 0x37, 0x36, 0x2e, 0x02, 0x2b,
  0x01, 0x16, 0x24, 0x14, 0x16, 0x32, 0x36, 0x34, 0x26, 0x22, 0x01, 0x34,
  0x26, 0x22, 0x06, 0x14, 0x16, 0x33, 0x32, 0x36, 0x24, 0x22, 0x06, 0x14,
  0x16, 0x32, 0x36, 0x34, 0x01, 0x34, 0x26, 0x23, 0x22, 0x06, 0x15, 0x14,
  0x16, 0x33, 0x32, 0x36, 0x01, 0x32, 0x36, 0x34, 0x26, 0x22, 0x06, 0x15,
  0x14, 0x16, 0x06, 0x2f, 0x0a, 0x0b, 0x10, 0x3c, 0x0f, 0x0f, 0x16, 0x08,
  0x05, 0x0a, 0x05, 0x0a, 0x14, 0x5c, 0x1d, 0x04, 0x0f, 0x12, 0x03, 0x0b,
  0x0a, 0x10, 0x3a, 0x10, 0x0f, 0x0d, 0x08, 0x09, 0x24, 0x05, 0x05, 0x0a,
  0x04, 0x0f, 0x32, 0x10, 0x10, 0x09, 0x0e, 0x28, 0x1f, 0x0a, 0x0a, 0x04,
  0x31, 0x12, 0x0f, 0x0f, 0x0f, 0x32, 0x10, 0x03, 0x07, 0x27, 0x16, 0x0e,
  0x08, 0x10, 0x36, 0x1b, 0x0b, 0x04, 0x04, 0x13, 0x21, 0x08, 0x05, 0x0e,
  0x09, 0x09, 0x01, 0x01, 0x10, 0x32, 0x0f, 0x0a, 0x09, 0x09, 0x05, 0x15,
  0x05, 0x06, 0x08, 0x09, 0x78, 0x0b, 0x05, 0x0b, 0x05, 0x08, 0x1a, 0x17,
  0x10, 0x3a, 0x10, 0x0a, 0x0a, 0x0a, 0x0a, 0x1f, 0x13, 0x26, 0x2b, 0x0b,
  0x07, 0x0d, 0x0a, 0x23, 0x0f, 0x1d, 0x2a, 0x0a, 0x08, 0x0c, 0x05, 0x14,
  0x05, 0x0b, 0x13, 0x04, 0x05, 0x01, 0x28, 0x14, 0x15, 0x08, 0x0c, 0x05,
  0x1e, 0x05, 0x08, 0x22, 0x08, 0x0a, 0x20, 0x0a, 0x13, 0x07, 0x06, 0x07,
  0x3d, 0x0a, 0x1f, 0x09, 0x1f, 0x0a, 0x1d, 0x07, 0x12, 0x0c, 0x1b, 0x07,
  0x07, 0x1e, 0x0c, 0x10, 0x06, 0x0a, 0x0a, 0x05, 0x0a, 0x05, 0x08, 0x04,
  0x08, 0x0a, 0x32, 0x0a, 0x0f, 0x1a, 0x0b, 0x0a, 0x10, 0x3b, 0x0f, 0x0f,
  0x17, 0x07, 0x05, 0x0b, 0x05, 0x0a, 0x64, 0x1f, 0x04, 0x0f, 0x12, 0x03,
  0x01, 0x0a, 0x06, 0x02, 0x03, 0x0f, 0x3c, 0x10, 0x0f, 0x0d, 0x08, 0x1f,
  0x14, 0x03, 0x07, 0x0b, 0x0a, 0x0a, 0x32, 0x0a, 0x10, 0x09, 0x0e, 0x12,
  0x34, 0x0b, 0x0a, 0x0a, 0x33, 0x0a, 0x0f, 0x0f, 0x0f, 0x32, 0x10, 0x0a,
  0x3c, 0x08, 0x08, 0x0a, 0x5b, 0x04, 0x04, 0x0a, 0x1f, 0x0a, 0x08, 0x0d,
  0x0f, 0x0f, 0x3c, 0x10, 0x0b, 0x09, 0x09, 0x05, 0x15, 0x05, 0x08, 0x0d,
  0x0f, 0x6f, 0x0a, 0x15, 0x07, 0x17, 0x0f, 0x1f, 0x3b, 0x0a, 0x0b, 0x0a,
  0x0a, 0x1e, 0x14, 0x0e, 0x1e, 0x1f, 0x06, 0x0a, 0x0a, 0x04, 0x05, 0x01,
  0x0a, 0x24, 0x0f, 0x1e, 0x28, 0x0a, 0x07, 0x06, 0x07, 0x0a, 0x05, 0x15,
  0x05, 0x07, 0x10, 0x11, 0x0a, 0x06, 0x2f, 0x07, 0x0a, 0x04, 0x0b, 0x03,
  0x03, 0x05, 0x1e, 0x05, 0x0e, 0x1d, 0x07, 0x0a, 0x0a, 0x1f, 0x0a, 0x1e,
  0x04, 0x05, 0x01, 0x27, 0x0b, 0x08, 0x1a, 0x07, 0x13, 0x0b, 0x0a, 0x14,
  0x2e, 0x23, 0x0f, 0x23, 0x0b, 0x01, 0x0a, 0x0a, 0x08, 0x0c, 0x16, 0x3b,
  0x0f, 0x19, 0xfb, 0xa2, 0x02, 0xfd, 0x3c, 0x1f, 0x5f, 0x2e, 0x33, 0x1e,
  0x20, 0x31, 0x15, 0x0a, 0x05, 0x15, 0x05, 0x05, 0x16, 0x0e, 0x10, 0x03,
  0x1f, 0x14, 0x0d, 0x24, 0x1f, 0x1e, 0x14, 0x09, 0x0a, 0x09, 0x03, 0x02,
  0x08, 0x47, 0x0f, 0x3c, 0x10, 0x05, 0x1e, 0x05, 0x17, 0x10, 0x08, 0x2a,
  0x1d, 0x1b, 0x1e, 0x38, 0x1c, 0x95, 0xd6, 0x09, 0x31, 0x35, 0x0f, 0x33,
  0x0f, 0x59, 0x0b, 0x24, 0x41, 0x9d, 0x7d, 0x14, 0x04, 0x73, 0xfe, 0xd1,
  0x1d, 0x0b, 0x34, 0x13, 0x02, 0x08, 0x03, 0x05, 0x02, 0x13, 0x0f, 0x3c,
  0x25, 0xb5, 0xb5, 0x07, 0x03, 0x03, 0x07, 0xfd, 0xa4, 0x14, 0x28, 0x0a,
  0x54, 0x25, 0x17, 0x27, 0x08, 0x05, 0x15, 0x05, 0x33, 0x3f, 0x59, 0x26,
  0x4a, 0x8a, 0x31, 0x67, 0x05, 0x14, 0x05, 0x11, 0x35, 0x7a, 0x0a, 0x18,
  0xfb, 0x61, 0x1e, 0x04, 0x04, 0x09, 0x14, 0x01, 0x4e, 0x2c, 0x09, 0x1e,
  0x0a, 0xd4, 0x01, 0x38, 0xe8, 0x28, 0x14, 0x03, 0x0d, 0x0a, 0x04, 0x08,
  0x03, 0x1c, 0x29, 0x10, 0xfd, 0x0b, 0xfd, 0xa3, 0x25, 0x2e, 0x26, 0x26,
  0x2e, 0x04, 0xdb, 0x26, 0x2e, 0x25, 0x25, 0x17, 0x19, 0x24, 0xfc, 0x64,
  0x2e, 0x26, 0x26, 0x2e, 0x25, 0x01, 0xbc, 0x20, 0x1d, 0x19, 0x23, 0x20,
  0x1c, 0x16, 0x1f, 0x02, 0x96, 0x17, 0x26, 0x26, 0x2e, 0x25, 0x20, 0x05,
  0x78, 0x3d, 0x0a, 0x05, 0x09, 0x05, 0x08, 0x16, 0x0f, 0x0f, 0x3c, 0x10,
  0x0b, 0x09, 0x0a, 0x1f, 0x14, 0x0e, 0x1d, 0x1f, 0x06, 0x0a, 0x0b, 0x0a,
  0x05, 0x0a, 0x05, 0x23, 0x0f, 0x0e, 0x2e, 0x0b, 0x14, 0x04, 0x05, 0x07,
  0x04, 0x05, 0x14, 0x05, 0x08, 0x1b, 0x10, 0x28, 0x14, 0x1f, 0x0a, 0x02,
  0x20, 0x06, 0x07, 0x23, 0x08, 0x0a, 0x1f, 0x0a, 0x09, 0x0f, 0x08, 0x08,
  0x27, 0x0b, 0x0f, 0x1b, 0x08, 0x11, 0x0e, 0x0a, 0x04, 0x0a, 0x0c, 0x04,
  0x13, 0x33, 0x07, 0x1b, 0x07, 0x08, 0x02, 0x01, 0x09, 0x05, 0x0a, 0x05,
  0x01, 0x01, 0x0a, 0x09, 0x0a, 0x32, 0x0a, 0x09, 0x16, 0x09, 0x0b, 0x14,
  0x0f, 0x32, 0x10, 0x0f, 0x19, 0x05, 0x0b, 0x05, 0x0a, 0x0b, 0x5b, 0x1d,
  0x0c, 0x1c, 0x0d, 0x08, 0x0f, 0x31, 0x10, 0x0e, 0x0e, 0x08, 0x1d, 0x15,
  0x0b, 0x08, 0x0f, 0x32, 0x10, 0x15, 0x05, 0x03, 0x02, 0x28, 0x1f, 0x0c,
  0x08, 0x0a, 0x33, 0x0a, 0x0f, 0x0f, 0x10, 0x32, 0x0f, 0x02, 0x08, 0x3d,
  0x0a, 0x12, 0x01, 0x01, 0x5c, 0x09, 0x07, 0x0d, 0x08, 0x11, 0x05, 0x04,
  0x0e, 0x06, 0x0b, 0x09, 0x06, 0x1f, 0x3c, 0x0a, 0x0a, 0x02, 0x08, 0x05,
  0x15, 0x05, 0x07, 0x0d, 0x0f, 0x6e, 0x0a, 0x05, 0x09, 0x05, 0x07, 0x16,
  0x0f, 0x10, 0x3c, 0x0f, 0x0a, 0x09, 0x1f, 0x14, 0x0e, 0x1e, 0x20, 0x05,
  0x09, 0x0b, 0x05, 0x05, 0x0a, 0x23, 0x0f, 0x1f, 0x28, 0x0a, 0x08, 0x06,
  0x07, 0x0a, 0x05, 0x13, 0x05, 0x08, 0x1c, 0x0f, 0x06, 0x2f, 0x07, 0x14,
  0x15, 0x05, 0x1e, 0x05, 0x08, 0x24, 0x07, 0x0a, 0x1e, 0x0a, 0x15, 0x09,
  0x3c, 0x08, 0x1a, 0x07, 0x0a, 0x1e, 0x0a, 0x05, 0x0a, 0x0d, 0x03, 0x0a,
  0x28, 0x0a, 0x0f, 0x23, 0x05, 0x0b, 0x05, 0x05, 0x09, 0x05, 0x01, 0x02,
  0x09, 0x09, 0x0a, 0x32, 0x0a, 0x0f, 0x1a, 0x09, 0x0b, 0x41, 0x1a, 0x0f,
  0x16, 0x08, 0x13, 0x0a, 0x09, 0x5c, 0x1e, 0x04, 0x10, 0x12, 0x03, 0x01,
  0x0a, 0x05, 0x03, 0x02, 0x10, 0x3c, 0x0f, 0x0f, 0x0c, 0x08, 0x1e, 0x14,
  0x03, 0x07, 0x0b, 0x0a, 0x0a, 0x32, 0x0a, 0x0e, 0x06, 0x0a, 0x11, 0x34,
  0x0b, 0x05, 0x02, 0x02, 0x0a, 0x33, 0x0a, 0x0e, 0x05, 0x09, 0x0a, 0x0f,
  0x31, 0x10, 0x05, 0x02, 0x02, 0x27, 0x16, 0x08, 0x08, 0x0a, 0x3b, 0x16,
  0x0a, 0x0f, 0x23, 0x08, 0x0c, 0x0f, 0x0f, 0x3c, 0x10, 0x0a, 0x07, 0x07,
  0x0b, 0x13, 0x09, 0x11, 0x16, 0xfe, 0xc7, 0x0a, 0x1f, 0x3c, 0x33, 0x46,
  0x3c, 0x3c, 0x31, 0x20, 0x15, 0x05, 0x09, 0x05, 0x04, 0x15, 0x0d, 0x16,
  0x0b, 0x30, 0x35, 0x0a, 0x14, 0x0d, 0x07, 0x14, 0x09, 0x15, 0x19, 0x06,
  0x32, 0x08, 0x02, 0x83, 0x05, 0x1e, 0x05, 0x05, 0x0a, 0x05, 0x08, 0x2b,
  0x1e, 0x6a, 0x2e, 0x09, 0x29, 0x2b, 0x41, 0x17, 0x86, 0x2f, 0x30, 0x2a,
  0x0f, 0x0f, 0x5a, 0x09, 0x15, 0x39, 0x7d, 0x14, 0xfc, 0x56, 0x0b, 0x1a,
  0x4b, 0x07, 0x1f, 0x0f, 0x18, 0x16, 0x0b, 0x17, 0x26, 0x26, 0x2b, 0x83,
  0x03, 0x08, 0xc9, 0x07, 0x03, 0x1f, 0x28, 0x15, 0x08, 0x18, 0x18, 0x14,
  0x5b, 0x14, 0x0b, 0x13, 0x16, 0x13, 0x0a, 0x13, 0x0a, 0x29, 0x0b, 0x14,
  0x5b, 0x14, 0x35, 0x0d, 0x1f, 0x0e, 0x28, 0x02, 0xd2, 0x3c, 0x03, 0x0d,
  0x0a, 0x05, 0x09, 0x0e, 0x10, 0x01, 0x27, 0x0b, 0x0a, 0x32, 0x64, 0x7a,
  0x0a, 0x01, 0xd9, 0x8d, 0x0a, 0x04, 0x07, 0x0a, 0x09, 0x0e, 0x2b, 0x1c,
  0x10, 0x37, 0x27, 0x2e, 0x27, 0x27, 0x2e, 0x25, 0xfc, 0x74, 0x17, 0x26,
  0x25, 0x2f, 0x25, 0x20, 0x59, 0x26, 0x2e, 0x25, 0x25, 0x2f, 0x05, 0x4e,
  0x19, 0x23, 0x1f, 0x1d, 0x19, 0x24, 0x23, 0xfd, 0xbd, 0x25, 0x2e, 0x26,
  0x25, 0x18, 0x19, 0x23, 0x00, 0x03, 0x00, 0x01, 0xfe, 0x66, 0x07, 0xff,
  0x06, 0x66, 0x00, 0x07, 0x00, 0x0f, 0x00, 0x17, 0x00, 0x00, 0x13, 0x21,
  0x15, 0x23, 0x11, 0x33, 0x15, 0x21, 0x01, 0x15, 0x21, 0x11, 0x21, 0x11,
  0x21, 0x35, 0x01, 0x21, 0x35, 0x33, 0x11, 0x23, 0x35, 0x21, 0x02, 0x01,
  0xc6, 0xd2, 0xd2, 0xfe, 0x3a, 0x05, 0xde, 0xfe, 0x94, 0xff, 0x00, 0xfe,
  0x92, 0x05, 0xf8, 0xfe, 0x3a, 0xd2, 0xd2, 0x01, 0xc6, 0x06, 0x66, 0xe3,
  0xf9, 0xc6, 0xe3, 0x06, 0x50, 0xec, 0xfb, 0xaf, 0x04, 0x51, 0xec, 0xf9,
  0xb0, 0xe2, 0x06, 0x3a, 0xe4, 0x00, 0x00, 0x04, 0x00, 0x00, 0xfe, 0x66,
  0x08, 0x00, 0x06, 0x66, 0x00, 0x0f, 0x00, 0x42, 0x00, 0x76, 0x00, 0x98,
  0x00, 0x00, 0x11, 0x21, 0x32, 0x1e, 0x01, 0x15, 0x11, 0x14, 0x0e, 0x01,
  0x23, 0x21, 0x22, 0x2e, 0x01, 0x35, 0x00, 0x0e, 0x01, 0x07, 0x0e, 0x01,
  0x16, 0x17, 0x16, 0x17, 0x1e, 0x03, 0x17, 0x1e, 0x01, 0x07, 0x06, 0x23,
  0x06, 0x26, 0x37, 0x23, 0x06, 0x16, 0x37, 0x16, 0x3e, 0x03, 0x26, 0x27,
  0x2e, 0x01, 0x27, 0x2e, 0x01, 0x35, 0x34, 0x33, 0x32, 0x17, 0x16, 0x07,
  0x33, 0x36, 0x26, 0x27, 0x26, 0x25, 0x0e, 0x01, 0x07, 0x0e, 0x01, 0x16,
  0x17, 0x16, 0x17, 0x1e, 0x03, 0x17, 0x1e, 0x01, 0x07, 0x06, 0x23, 0x06,
  0x26, 0x37, 0x23, 0x06, 0x16, 0x37, 0x16, 0x3e, 0x03, 0x26, 0x27, 0x2e,
  0x01, 0x27, 0x2e, 0x01, 0x35, 0x34, 0x33, 0x32, 0x17, 0x16, 0x07, 0x33,
  0x36, 0x26, 0x27, 0x2e, 0x01, 0x05, 0x0e, 0x01, 0x07, 0x06, 0x15, 0x11,
  0x06, 0x16, 0x33, 0x16, 0x36, 0x27, 0x23, 0x16, 0x07, 0x06, 0x23, 0x26,
  0x35, 0x11, 0x34, 0x37, 0x3e, 0x01, 0x17, 0x16, 0x07, 0x33, 0x36, 0x26,
  0x27, 0x2e, 0x01, 0x06, 0xb8, 0x59, 0x97, 0x58, 0x58, 0x96, 0x5a, 0xfa,
  0x90, 0x59, 0x97, 0x58, 0x04, 0x51, 0x73, 0x68, 0x1e, 0x29, 0x24, 0x10,
  0x1f, 0x28, 0x5c, 0x07, 0x3b, 0x21, 0x27, 0x08, 0x17, 0x02, 0x13, 0x10,
  0x2e, 0x2e, 0x2d, 0x05, 0xba, 0x04, 0x88, 0x88, 0x40, 0x67, 0x42, 0x28,
  0x06, 0x17, 0x1a, 0x18, 0x78, 0x46, 0x2e, 0x26, 0x4c, 0x2d, 0x0f, 0x14,
  0x02, 0xb2, 0x04, 0x24, 0x26, 0x1d, 0x01, 0xb3, 0x39, 0x68, 0x1d, 0x2a,
  0x24, 0x11, 0x1f, 0x27, 0x5d, 0x08, 0x3b, 0x21, 0x27, 0x09, 0x16, 0x01,
  0x13, 0x10, 0x2c, 0x2f, 0x2e, 0x05, 0xba, 0x04, 0x88, 0x88, 0x40, 0x67,
  0x42, 0x28, 0x06, 0x17, 0x1a, 0x18, 0x77, 0x45, 0x30, 0x28, 0x4e, 0x2d,
  0x0f, 0x14, 0x02, 0xb2, 0x03, 0x22, 0x25, 0x1e, 0x69, 0xfb, 0x07, 0x3c,
  0x6d, 0x23, 0x4e, 0x02, 0x92, 0x82, 0x8c, 0x9b, 0x0b, 0xc4, 0x03, 0x17,
  0x17, 0x25, 0x56, 0x12, 0x10, 0x58, 0x16, 0x19, 0x03, 0xc4, 0x04, 0x25,
  0x29, 0x21, 0x6b, 0x06, 0x66, 0x58, 0x97, 0x59, 0xfa, 0x8f, 0x59, 0x97,
  0x57, 0x57, 0x97, 0x59, 0x03, 0x23, 0x02, 0x27, 0x23, 0x26, 0x8e, 0x8e,
  0x2c, 0x3c, 0x2c, 0x04, 0x1b, 0x11, 0x1c, 0x0d, 0x1b, 0x76, 0x18, 0x1b,
  0x04, 0x57, 0x41, 0x90, 0xac, 0x01, 0x03, 0x29, 0x49, 0x61, 0x69, 0x6d,
  0x2f, 0x2b, 0x4b, 0x1b, 0x15, 0x34, 0x30, 0x5e, 0x1e, 0x1e, 0x5e, 0x4a,
  0x89, 0x26, 0x24, 0x25, 0x01, 0x27, 0x23, 0x26, 0x8e, 0x8e, 0x2c, 0x3b,
  0x2d, 0x04, 0x1b, 0x11, 0x1c, 0x0d, 0x1b, 0x77, 0x17, 0x1b, 0x04, 0x58,
  0x40, 0x90, 0xac, 0x01, 0x03, 0x29, 0x49, 0x61, 0x69, 0x6d, 0x2f, 0x2b,
  0x4b, 0x1b, 0x15, 0x34, 0x30, 0x5e, 0x1e, 0x1e, 0x5e, 0x4b, 0x89, 0x25,
  0x24, 0x26, 0x02, 0x01, 0x24, 0x21, 0x46, 0x87, 0xfe, 0x40, 0x84, 0x8d,
  0x01, 0xae, 0x8e, 0x52, 0x1c, 0x1e, 0x01, 0x7b, 0x01, 0x85, 0x43, 0x1e,
  0x1e, 0x06, 0x1d, 0x19, 0x5c, 0x4d, 0x89, 0x24, 0x23, 0x24, 0x00, 0x01,
  0xff, 0xff, 0xfe, 0x66, 0x08, 0x00, 0x06, 0x66, 0x00, 0x3b, 0x00, 0x00,
  0x01, 0x16, 0x14, 0x07, 0x01, 0x06, 0x22, 0x27, 0x01, 0x2e, 0x01, 0x37,
  0x01, 0x17, 0x06, 0x16, 0x17, 0x16, 0x17, 0x11, 0x06, 0x07, 0x06, 0x16,
  0x17, 0x16, 0x32, 0x36, 0x34, 0x27, 0x26, 0x27, 0x11, 0x17, 0x06, 0x15,
  0x14, 0x16, 0x33, 0x32, 0x37, 0x36, 0x34, 0x27, 0x2e, 0x01, 0x07, 0x27,
  0x36, 0x35, 0x34, 0x27, 0x2e, 0x01, 0x07, 0x27, 0x37, 0x36, 0x32, 0x17,
  0x07, 0xd9, 0x27, 0x27, 0xfc, 0x86, 0x27, 0x6c, 0x27, 0xfc, 0x83, 0x27,
  0x01, 0x27, 0x02, 0x65, 0xe6, 0x13, 0x0f, 0x23, 0x16, 0x18, 0x16, 0x18,
  0x2e, 0x05, 0x2e, 0x2e, 0x83, 0x5c, 0x2e, 0x11, 0x19, 0xd3, 0x0d, 0x5e,
  0x3f, 0x41, 0x2f, 0x2e, 0x2e, 0x21, 0x59, 0x28, 0xe3, 0x09, 0x2d, 0x20,
  0x5b, 0x28, 0xea, 0xb9, 0x27, 0x6c, 0x27, 0x02, 0xc2, 0x27, 0x6d, 0x27,
  0xfc, 0x86, 0x27, 0x27, 0x03, 0x7e, 0x27, 0x6c, 0x27, 0x02, 0x65, 0xe7,
  0x2a, 0x61, 0x22, 0x16, 0x0c, 0xfd, 0xcf, 0x0b, 0x18, 0x2e, 0x82, 0x2e,
  0x2e, 0x5c, 0x82, 0x2e, 0x10, 0x0e, 0x02, 0x2c, 0xd3, 0x1f, 0x1d, 0x3f,
  0x5e, 0x2f, 0x2e, 0x82, 0x2e, 0x20, 0x13, 0x0f, 0xe3, 0x1d, 0x17, 0x41,
  0x2d, 0x20, 0x15, 0x0f, 0xec, 0xb9, 0x27, 0x27, 0x00, 0x04, 0x00, 0x93,
  0xfe, 0x66, 0x07, 0x6d, 0x06, 0x66, 0x00, 0x13, 0x00, 0x29, 0x00, 0x3d,
  0x00, 0x46, 0x00, 0x00, 0x01, 0x22, 0x24, 0x2e, 0x01, 0x35, 0x11, 0x34,
  0x37, 0x16, 0x04, 0x20, 0x24, 0x37, 0x16, 0x15, 0x11, 0x14, 0x06, 0x04,
  0x10, 0x20, 0x24, 0x26, 0x35, 0x11, 0x34, 0x37, 0x36, 0x37, 0x16, 0x04,
  0x20, 0x24, 0x37, 0x16, 0x17, 0x16, 0x15, 0x11, 0x14, 0x06, 0x00, 0x20,
  0x24, 0x26, 0x3d, 0x02, 0x34, 0x3e, 0x01, 0x24, 0x20, 0x04, 0x1e, 0x01,
  0x1d, 0x02, 0x14, 0x06, 0x01, 0x22, 0x04, 0x14, 0x04, 0x20, 0x24, 0x34,
  0x24, 0x04, 0x00, 0xb3, 0xfe, 0xbb, 0xea, 0x8b, 0x1f, 0x4a, 0x01, 0xd5,
  0x02, 0x5e, 0x01, 0xd4, 0x4a, 0x20, 0xea, 0xfe, 0x6b, 0xfe, 0x24, 0xfe,
  0x6b, 0xea, 0x0e, 0x04, 0x0d, 0x4a, 0x01, 0xd5, 0x02, 0x5e, 0x01, 0xd4,
  0x4a, 0x0f, 0x03, 0x0e, 0xea, 0xfe, 0x6c, 0xfe, 0x22, 0xfe, 0x6d, 0xeb,
  0x8b, 0xea, 0x01, 0x45, 0x01, 0x66, 0x01, 0x45, 0xea, 0x8b, 0xeb, 0xfd,
  0x7e, 0xf3, 0xfe, 0xaa, 0x01, 0x57, 0x01, 0xe4, 0x01, 0x56, 0xfe, 0xaa,
  0xfe, 0x66, 0x2e, 0x4f, 0x6c, 0x3c, 0x01, 0x23, 0x21, 0x29, 0x60, 0x7c,
  0x7c, 0x60, 0x2b, 0x1f, 0xfe, 0xdd, 0x4f, 0x87, 0x4f, 0x02, 0x48, 0x4f,
  0x87, 0x4f, 0x01, 0x25, 0x18, 0x16, 0x0b, 0x10, 0x60, 0x7b, 0x7b, 0x60,
  0x13, 0x08, 0x16, 0x18, 0xfe, 0xdb, 0x4f, 0x87, 0x01, 0xfb, 0x4e, 0x86,
  0x50, 0x92, 0x93, 0x3c, 0x6c, 0x4f, 0x2e, 0x2e, 0x4f, 0x6c, 0x3c, 0x93,
  0x92, 0x50, 0x86, 0x02, 0x8d, 0x55, 0x7a, 0x56, 0x56, 0x7a, 0x55, 0x00,
  0x00, 0x02, 0x00, 0x78, 0xfe, 0x66, 0x07, 0x88, 0x06, 0x66, 0x00, 0x04,
  0x00, 0x1b, 0x00, 0x00, 0x13, 0x21, 0x03, 0x05, 0x25, 0x01, 0x37, 0x21,
  0x17, 0x13, 0x21, 0x03, 0x07, 0x15, 0x2f, 0x01, 0x23, 0x13, 0x05, 0x35,
  0x25, 0x37, 0x13, 0x37, 0x21, 0x27, 0x21, 0x37, 0x78, 0x07, 0x10, 0xa4,
  0xfd, 0x1a, 0xfd, 0x1f, 0x05, 0x14, 0x07, 0xfb, 0x91, 0x05, 0x39, 0x03,
  0x0f, 0x19, 0xfd, 0xfc, 0x11, 0xe2, 0x1f, 0x01, 0xd0, 0x01, 0xcf, 0x04,
  0x36, 0x05, 0xfc, 0xc7, 0x14, 0x03, 0x62, 0x04, 0x06, 0x66, 0xf8, 0xcb,
  0xcb, 0xcc, 0x05, 0x80, 0x3a, 0x41, 0xfd, 0x8d, 0xfe, 0xdf, 0x3f, 0x09,
  0x43, 0xb4, 0xfe, 0xa2, 0x7a, 0x01, 0x7f, 0x26, 0x02, 0x51, 0x3a, 0xe6,
  0x36, 0x00, 0x00, 0x08, 0x01, 0x07, 0xfe, 0x65, 0x06, 0xf8, 0x06, 0x67,
  0x00, 0x12, 0x00, 0x27, 0x00, 0x47, 0x00, 0x65, 0x00, 0x80, 0x00, 0x98,
  0x00, 0xbb, 0x00, 0xd2, 0x00, 0x00, 0x25, 0x30, 0x07, 0x06, 0x17, 0x16,
  0x17, 0x16, 0x36, 0x37, 0x16, 0x17, 0x06, 0x27, 0x26, 0x27, 0x26, 0x37,
  0x36, 0x25, 0x16, 0x17, 0x04, 0x25, 0x26, 0x27, 0x26, 0x37, 0x36, 0x37,
  0x0e, 0x03, 0x14, 0x1e, 0x01, 0x17, 0x16, 0x24, 0x01, 0x0e, 0x05, 0x1e,
  0x02, 0x17, 0x16, 0x17, 0x16, 0x0e, 0x02, 0x0f, 0x01, 0x3e, 0x03, 0x26,
  0x27, 0x2e, 0x01, 0x3e, 0x03, 0x37, 0x13, 0x16, 0x07, 0x06, 0x07, 0x04,
  0x25, 0x26, 0x27, 0x26, 0x37, 0x36, 0x37, 0x36, 0x17, 0x16, 0x17, 0x26,
  0x07, 0x06, 0x07, 0x06, 0x17, 0x16, 0x04, 0x24, 0x37, 0x3e, 0x01, 0x27,
  0x01, 0x06, 0x25, 0x24, 0x27, 0x26, 0x37, 0x3e, 0x03, 0x33, 0x17, 0x30,
  0x07, 0x06, 0x17, 0x16, 0x17, 0x16, 0x24, 0x37, 0x3e, 0x01, 0x3f, 0x01,
  0x06, 0x13, 0x36, 0x37, 0x36, 0x27, 0x26, 0x07, 0x06, 0x23, 0x0e, 0x01,
  0x0f, 0x01, 0x36, 0x37, 0x36, 0x17, 0x16, 0x17, 0x16, 0x07, 0x06, 0x07,
  0x36, 0x01, 0x2e, 0x04, 0x36, 0x37, 0x3e, 0x09, 0x27, 0x1e, 0x03, 0x0e,
  0x02, 0x07, 0x0e, 0x02, 0x1e, 0x04, 0x01, 0x3e, 0x03, 0x3f, 0x01, 0x0e,
  0x04, 0x22, 0x27, 0x2e, 0x03, 0x2f, 0x01, 0x16, 0x04, 0x24, 0x02, 0xf4,
  0x0f, 0x1b, 0x44, 0x0d, 0x11, 0x79, 0xaa, 0x85, 0x30, 0x41, 0xc8, 0xea,
  0x9d, 0x47, 0x39, 0x31, 0x19, 0x02, 0x54, 0x22, 0x33, 0xff, 0x00, 0xfe,
  0xf6, 0xb8, 0x3e, 0x35, 0x51, 0x19, 0x25, 0x02, 0x06, 0x0d, 0x08, 0x0d,
  0x22, 0x1c, 0x78, 0x01, 0x03, 0x01, 0x62, 0x47, 0x6c, 0x4f, 0x30, 0x20,
  0x03, 0x01, 0x1c, 0x14, 0x16, 0x08, 0x05, 0x20, 0x04, 0x34, 0x3d, 0x19,
  0x19, 0x05, 0x0f, 0x20, 0x0f, 0x0e, 0x1c, 0x44, 0x22, 0x38, 0x64, 0x7e,
  0x6f, 0x26, 0xca, 0x49, 0x3d, 0x53, 0xf9, 0xfe, 0x7b, 0xfe, 0x3d, 0x3b,
  0x3b, 0x6c, 0x05, 0x06, 0x61, 0x69, 0x4e, 0x1d, 0x0e, 0x1a, 0x2d, 0x45,
  0x28, 0x28, 0x2a, 0x60, 0x01, 0xdd, 0x01, 0xde, 0x73, 0x36, 0x20, 0x0b,
  0xfe, 0xdc, 0xdc, 0xfe, 0xb9, 0xfe, 0xfa, 0x5f, 0x43, 0x49, 0x32, 0x67,
  0x4c, 0x3e, 0x10, 0x10, 0x65, 0x7c, 0x0d, 0x08, 0x48, 0x51, 0x01, 0x09,
  0x92, 0x44, 0x9b, 0x2b, 0x2b, 0x36, 0x34, 0xcb, 0x1a, 0x11, 0x38, 0x30,
  0x3a, 0x01, 0x01, 0x0e, 0x15, 0x04, 0x04, 0x0b, 0x16, 0x63, 0x4e, 0x41,
  0x03, 0x06, 0x6d, 0x53, 0x8a, 0x06, 0xfe, 0x50, 0x37, 0x4b, 0x4e, 0x2a,
  0x1a, 0x0c, 0x18, 0x14, 0x39, 0x3d, 0x46, 0x40, 0x42, 0x32, 0x2c, 0x13,
  0x04, 0x0e, 0x04, 0x0e, 0x1c, 0x0c, 0x0d, 0x31, 0x71, 0x54, 0x3d, 0x4b,
  0x1e, 0x01, 0x18, 0x29, 0x2a, 0x2d, 0x01, 0xcc, 0x4e, 0x78, 0x3c, 0x25,
  0x05, 0x04, 0x03, 0x5c, 0x96, 0xbe, 0xd5, 0xcd, 0x5f, 0x44, 0x6d, 0x3c,
  0x28, 0x06, 0x06, 0x77, 0x01, 0x33, 0x01, 0x64, 0x35, 0x0c, 0x1e, 0x0d,
  0x03, 0x02, 0x0e, 0x08, 0x18, 0x1d, 0x1a, 0x56, 0x11, 0x0b, 0x30, 0x26,
  0x24, 0x13, 0xba, 0x21, 0x12, 0x4b, 0x0f, 0x0b, 0x2e, 0x28, 0x2a, 0x0d,
  0x0c, 0x01, 0x05, 0x0e, 0x0e, 0x11, 0x0e, 0x0c, 0x03, 0x0f, 0x0a, 0x04,
  0x01, 0x29, 0x48, 0x3a, 0x3a, 0x29, 0x34, 0x1f, 0x35, 0x1d, 0x1e, 0x0d,
  0x06, 0x31, 0x58, 0x49, 0x34, 0x0f, 0x0f, 0x04, 0x0f, 0x30, 0x30, 0x45,
  0x20, 0x4f, 0x93, 0x6d, 0x5f, 0x3f, 0x2e, 0x0b, 0xfa, 0xd8, 0x21, 0x2d,
  0x3c, 0x24, 0x38, 0x39, 0x08, 0x09, 0x12, 0x27, 0x26, 0x27, 0x2b, 0x04,
  0x02, 0x0a, 0x02, 0x0a, 0x0e, 0x1b, 0x1a, 0x12, 0x2a, 0x17, 0x21, 0x23,
  0x11, 0x2a, 0x0d, 0x01, 0xfe, 0x3a, 0x03, 0x03, 0x26, 0x1c, 0x23, 0x18,
  0x22, 0x0d, 0x06, 0x01, 0x1c, 0x28, 0x1a, 0x11, 0x0a, 0x0a, 0x03, 0x0c,
  0x06, 0x14, 0x08, 0x07, 0x17, 0xfe, 0xed, 0x6a, 0x71, 0x47, 0x2e, 0x29,
  0x0b, 0x01, 0x03, 0x06, 0x01, 0x02, 0x12, 0x08, 0x23, 0x30, 0x29, 0x46,
  0x5d, 0x4d, 0x3b, 0x25, 0x06, 0x01, 0x7d, 0x32, 0x4a, 0x59, 0x49, 0x4e,
  0x4a, 0x23, 0x1e, 0x3d, 0x32, 0x39, 0x32, 0x3c, 0x3a, 0x48, 0x4a, 0x5b,
  0x31, 0x04, 0x11, 0x3a, 0x3e, 0x63, 0x66, 0x84, 0x43, 0x30, 0x5c, 0x4c,
  0x4f, 0x3f, 0x48, 0x38, 0x46, 0xfc, 0x94, 0x0f, 0x23, 0x1d, 0x19, 0x07,
  0x07, 0x2a, 0x43, 0x2c, 0x1d, 0x0b, 0x06, 0x04, 0x0f, 0x0e, 0x0e, 0x04,
  0x04, 0x14, 0x0e, 0x14, 0x00, 0x04, 0x00, 0x80, 0xfe, 0x66, 0x07, 0x80,
  0x06, 0x66, 0x00, 0x19, 0x00, 0x5a, 0x00, 0x67, 0x00, 0x86, 0x00, 0x00,
  0x01, 0x1e, 0x01, 0x15, 0x11, 0x14, 0x06, 0x07, 0x01, 0x06, 0x23, 0x22,
  0x27, 0x01, 0x2e, 0x01, 0x35, 0x11, 0x34, 0x36, 0x37, 0x01, 0x36, 0x33,
  0x32, 0x17, 0x13, 0x3e, 0x01, 0x27, 0x34, 0x26, 0x27, 0x2e, 0x01, 0x35,
  0x34, 0x36, 0x37, 0x36, 0x17, 0x33, 0x30, 0x37, 0x36, 0x3f, 0x01, 0x36,
  0x27, 0x26, 0x07, 0x35, 0x34, 0x26, 0x0f, 0x01, 0x06, 0x1d, 0x01, 0x0e,
  0x01, 0x15, 0x1e, 0x01, 0x33, 0x32, 0x16, 0x15, 0x14, 0x06, 0x07, 0x06,
  0x27, 0x26, 0x07, 0x22, 0x07, 0x06, 0x0f, 0x01, 0x06, 0x17, 0x16, 0x37,
  0x15, 0x14, 0x16, 0x3f, 0x01, 0x36, 0x35, 0x25, 0x35, 0x34, 0x0f, 0x01,
  0x06, 0x1d, 0x01, 0x14, 0x16, 0x3f, 0x01, 0x36, 0x13, 0x36, 0x16, 0x17,
  0x26, 0x27, 0x01, 0x26, 0x23, 0x22, 0x07, 0x01, 0x0e, 0x01, 0x15, 0x11,
  0x14, 0x16, 0x17, 0x01, 0x16, 0x33, 0x30, 0x37, 0x2e, 0x01, 0x35, 0x11,
  0x34, 0x36, 0x37, 0x07, 0x02, 0x3a, 0x44, 0x44, 0x3a, 0xfd, 0x7a, 0x38,
  0x44, 0x46, 0x38, 0xfd, 0x7a, 0x3a, 0x42, 0x42, 0x3a, 0x02, 0x86, 0x3c,
  0x42, 0x40, 0x3c, 0x92, 0x24, 0x2b, 0x01, 0x29, 0x2d, 0x21, 0x17, 0x15,
  0x17, 0x1b, 0x1f, 0x06, 0x02, 0x04, 0x02, 0x0c, 0x02, 0x06, 0x19, 0x25,
  0x06, 0x04, 0x20, 0x08, 0x23, 0x29, 0x01, 0x30, 0x2b, 0x1b, 0x19, 0x1c,
  0x18, 0x25, 0x1f, 0x01, 0x03, 0x02, 0x02, 0x02, 0x02, 0x0e, 0x02, 0x06,
  0x1f, 0x2b, 0x08, 0x04, 0x20, 0x08, 0x01, 0x52, 0x06, 0xa2, 0x08, 0x06,
  0x02, 0xa4, 0x04, 0x70, 0x2b, 0x45, 0x10, 0x12, 0x52, 0xfd, 0x7a, 0x2d,
  0x39, 0x39, 0x2d, 0xfd, 0x7a, 0x30, 0x38, 0x38, 0x30, 0x02, 0x86, 0x2d,
  0x39, 0x22, 0x1a, 0x20, 0x45, 0x41, 0x04, 0xc3, 0x23, 0x76, 0x44, 0xfd,
  0x00, 0x44, 0x79, 0x22, 0xfe, 0x80, 0x21, 0x21, 0x01, 0x80, 0x22, 0x78,
  0x45, 0x02, 0xff, 0x45, 0x77, 0x22, 0x01, 0x80, 0x23, 0x23, 0xf9, 0xd2,
  0x1e, 0x56, 0x2c, 0x2d, 0x2b, 0x01, 0x01, 0x0d, 0x13, 0x12, 0x26, 0x0b,
  0x0e, 0x04, 0x02, 0x03, 0x08, 0x30, 0x0c, 0x02, 0x05, 0x0e, 0x39, 0x05,
  0x03, 0x02, 0x14, 0x05, 0x0b, 0x38, 0x1b, 0x54, 0x2b, 0x30, 0x1e, 0x13,
  0x15, 0x17, 0x2a, 0x0c, 0x13, 0x0b, 0x02, 0x04, 0x01, 0x03, 0x08, 0x31,
  0x0b, 0x01, 0x0d, 0x13, 0x36, 0x05, 0x04, 0x02, 0x13, 0x05, 0x0c, 0x93,
  0x26, 0x09, 0x04, 0x60, 0x05, 0x06, 0x2b, 0x04, 0x02, 0x02, 0x63, 0x03,
  0x03, 0xb9, 0x18, 0x0d, 0x23, 0x63, 0x30, 0x01, 0x80, 0x1c, 0x1c, 0xfe,
  0x80, 0x1c, 0x62, 0x38, 0xfd, 0x00, 0x38, 0x62, 0x1c, 0xfe, 0x7f, 0x1c,
  0x03, 0x09, 0x35, 0x28, 0x02, 0xf1, 0x40, 0x54, 0x26, 0x00, 0x00, 0x0d,
  0xff, 0xfd, 0xfe, 0x7c, 0x08, 0x01, 0x06, 0x51, 0x01, 0xd2, 0x01, 0xee,
  0x02, 0x2e, 0x02, 0x3d, 0x02, 0x4e, 0x02, 0x70, 0x02, 0xcd, 0x03, 0x0c,
  0x03, 0x16, 0x05, 0x66, 0x05, 0xbd, 0x05, 0xce, 0x06, 0x93, 0x00, 0x00,
  0x01, 0x06, 0x07, 0x0e, 0x01, 0x27, 0x26, 0x07, 0x06, 0x26, 0x37, 0x36,
  0x37, 0x3e, 0x01, 0x26, 0x36, 0x37, 0x3e, 0x01, 0x27, 0x2e, 0x01, 0x27,
  0x2e, 0x01, 0x27, 0x26, 0x36, 0x37, 0x3e, 0x01, 0x37, 0x36, 0x17, 0x1e,
  0x01, 0x17, 0x1e, 0x02, 0x33, 0x32, 0x37, 0x16, 0x0e, 0x03, 0x23, 0x06,
  0x26, 0x07, 0x0e, 0x03, 0x07, 0x0e, 0x01, 0x17, 0x1e, 0x01, 0x33, 0x32,
  0x3e, 0x03, 0x37, 0x3e, 0x01, 0x37, 0x36, 0x37, 0x32, 0x16, 0x17, 0x1e,
  0x01, 0x17, 0x3e, 0x01, 0x37, 0x3e, 0x01, 0x17, 0x1e, 0x01, 0x17, 0x1e,
  0x04, 0x17, 0x1e, 0x03, 0x17, 0x16, 0x36, 0x37, 0x36, 0x35, 0x34, 0x27,
  0x26, 0x27, 0x26, 0x27, 0x26, 0x23, 0x22, 0x06, 0x07, 0x0e, 0x03, 0x2e,
  0x02, 0x27, 0x2e, 0x01, 0x27, 0x16, 0x17, 0x16, 0x3e, 0x02, 0x37, 0x3e,
  0x02, 0x37, 0x36, 0x17, 0x16, 0x17, 0x16, 0x17, 0x16, 0x17, 0x1e, 0x01,
  0x07, 0x0e, 0x01, 0x07, 0x06, 0x07, 0x1e, 0x01, 0x17, 0x16, 0x37, 0x36,
  0x17, 0x16, 0x06, 0x07, 0x06, 0x23, 0x22, 0x27, 0x2e, 0x01, 0x27, 0x2e,
  0x03, 0x27, 0x26, 0x27, 0x14, 0x1e, 0x02, 0x31, 0x14, 0x16, 0x17, 0x1e,
  0x02, 0x36, 0x33, 0x32, 0x36, 0x33, 0x16, 0x17, 0x1e, 0x02, 0x17, 0x16,
  0x17, 0x16, 0x07, 0x06, 0x07, 0x06, 0x07, 0x16, 0x17, 0x1e, 0x01, 0x17,
  0x16, 0x15, 0x14, 0x07, 0x0e, 0x04, 0x07, 0x14, 0x1e, 0x02, 0x06, 0x07,
  0x06, 0x07, 0x0e, 0x01, 0x07, 0x06, 0x07, 0x06, 0x07, 0x06, 0x17, 0x1e,
  0x01, 0x17, 0x16, 0x07, 0x06, 0x07, 0x0e, 0x01, 0x07, 0x0e, 0x03, 0x17,
  0x1e, 0x01, 0x17, 0x16, 0x37, 0x0e, 0x03, 0x07, 0x36, 0x37, 0x06, 0x07,
  0x0e, 0x02, 0x07, 0x16, 0x37, 0x06, 0x07, 0x06, 0x27, 0x2e, 0x01, 0x27,
  0x14, 0x1e, 0x02, 0x17, 0x1e, 0x02, 0x17, 0x22, 0x26, 0x27, 0x26, 0x27,
  0x2e, 0x01, 0x27, 0x1e, 0x03, 0x17, 0x07, 0x06, 0x35, 0x26, 0x27, 0x26,
  0x27, 0x26, 0x27, 0x26, 0x36, 0x37, 0x0e, 0x01, 0x07, 0x06, 0x17, 0x1e,
  0x02, 0x17, 0x2e, 0x05, 0x27, 0x26, 0x37, 0x3e, 0x01, 0x37, 0x2e, 0x01,
  0x27, 0x2e, 0x01, 0x27, 0x2e, 0x02, 0x27, 0x1e, 0x02, 0x17, 0x16, 0x07,
  0x0e, 0x02, 0x07, 0x0e, 0x01, 0x07, 0x06, 0x1f, 0x01, 0x26, 0x27, 0x2e,
  0x02, 0x35, 0x26, 0x37, 0x3e, 0x01, 0x37, 0x36, 0x35, 0x34, 0x27, 0x2e,
  0x01, 0x27, 0x26, 0x27, 0x26, 0x37, 0x3e, 0x01, 0x37, 0x36, 0x26, 0x27,
  0x22, 0x27, 0x26, 0x06, 0x27, 0x26, 0x36, 0x27, 0x2e, 0x01, 0x27, 0x26,
  0x27, 0x26, 0x37, 0x3e, 0x02, 0x37, 0x36, 0x27, 0x26, 0x22, 0x2e, 0x04,
  0x27, 0x26, 0x06, 0x26, 0x27, 0x2e, 0x01, 0x27, 0x26, 0x22, 0x27, 0x26,
  0x36, 0x2f, 0x01, 0x0e, 0x01, 0x07, 0x0e, 0x02, 0x1e, 0x02, 0x17, 0x1e,
  0x08, 0x17, 0x2e, 0x01, 0x27, 0x2e, 0x05, 0x36, 0x34, 0x36, 0x25, 0x32,
  0x17, 0x16, 0x17, 0x16, 0x17, 0x16, 0x17, 0x2e, 0x01, 0x27, 0x26, 0x27,
  0x26, 0x23, 0x14, 0x16, 0x15, 0x14, 0x07, 0x06, 0x26, 0x27, 0x2e, 0x01,
  0x37, 0x36, 0x27, 0x36, 0x37, 0x36, 0x37, 0x36, 0x17, 0x1e, 0x01, 0x17,
  0x16, 0x17, 0x1e, 0x01, 0x17, 0x1e, 0x01, 0x33, 0x06, 0x27, 0x26, 0x27,
  0x26, 0x27, 0x2e, 0x01, 0x27, 0x2e, 0x01, 0x27, 0x26, 0x23, 0x22, 0x07,
  0x06, 0x17, 0x3e, 0x01, 0x37, 0x36, 0x17, 0x16, 0x17, 0x26, 0x27, 0x26,
  0x07, 0x0e, 0x03, 0x14, 0x15, 0x0e, 0x01, 0x15, 0x26, 0x27, 0x15, 0x16,
  0x17, 0x26, 0x27, 0x26, 0x37, 0x36, 0x37, 0x06, 0x14, 0x0e, 0x01, 0x07,
  0x0e, 0x02, 0x07, 0x3e, 0x02, 0x03, 0x36, 0x32, 0x16, 0x33, 0x0e, 0x01,
  0x07, 0x06, 0x15, 0x0e, 0x01, 0x07, 0x34, 0x2e, 0x01, 0x36, 0x13, 0x16,
  0x33, 0x32, 0x3e, 0x01, 0x37, 0x16, 0x17, 0x1e, 0x03, 0x17, 0x16, 0x17,
  0x26, 0x27, 0x2e, 0x01, 0x27, 0x2e, 0x01, 0x27, 0x06, 0x27, 0x22, 0x2e,
  0x01, 0x27, 0x2e, 0x01, 0x27, 0x26, 0x07, 0x32, 0x16, 0x33, 0x32, 0x36,
  0x37, 0x34, 0x2e, 0x03, 0x27, 0x26, 0x06, 0x07, 0x0e, 0x01, 0x07, 0x36,
  0x37, 0x36, 0x17, 0x16, 0x17, 0x1e, 0x03, 0x17, 0x16, 0x17, 0x16, 0x17,
  0x2e, 0x02, 0x27, 0x26, 0x22, 0x06, 0x23, 0x1e, 0x01, 0x15, 0x14, 0x06,
  0x23, 0x06, 0x26, 0x27, 0x2e, 0x01, 0x36, 0x35, 0x0e, 0x01, 0x07, 0x1e,
  0x02, 0x17, 0x16, 0x17, 0x16, 0x37, 0x36, 0x37, 0x3e, 0x02, 0x37, 0x06,
  0x07, 0x06, 0x23, 0x22, 0x27, 0x2e, 0x01, 0x27, 0x2e, 0x01, 0x36, 0x35,
  0x3e, 0x04, 0x37, 0x32, 0x36, 0x27, 0x34, 0x37, 0x26, 0x06, 0x07, 0x0e,
  0x03, 0x07, 0x0e, 0x01, 0x07, 0x06, 0x07, 0x36, 0x37, 0x3e, 0x01, 0x37,
  0x3e, 0x03, 0x37, 0x32, 0x3e, 0x01, 0x37, 0x36, 0x37, 0x3e, 0x02, 0x37,
  0x36, 0x16, 0x37, 0x3e, 0x01, 0x37, 0x3e, 0x06, 0x37, 0x16, 0x07, 0x0e,
  0x01, 0x07, 0x06, 0x07, 0x3e, 0x02, 0x37, 0x36, 0x26, 0x05, 0x06, 0x2a,
  0x01, 0x06, 0x07, 0x16, 0x17, 0x34, 0x36, 0x27, 0x36, 0x37, 0x32, 0x16,
  0x33, 0x3e, 0x01, 0x37, 0x36, 0x26, 0x27, 0x2e, 0x02, 0x27, 0x2e, 0x03,
  0x35, 0x2e, 0x01, 0x35, 0x26, 0x07, 0x32, 0x3e, 0x06, 0x37, 0x36, 0x27,
  0x26, 0x27, 0x26, 0x27, 0x3e, 0x02, 0x37, 0x36, 0x17, 0x16, 0x17, 0x1e,
  0x01, 0x17, 0x16, 0x17, 0x1e, 0x02, 0x1f, 0x01, 0x37, 0x17, 0x3f, 0x01,
  0x27, 0x37, 0x27, 0x37, 0x27, 0x37, 0x2f, 0x03, 0x23, 0x27, 0x07, 0x2f,
  0x01, 0x07, 0x27, 0x07, 0x3f, 0x02, 0x17, 0x37, 0x17, 0x37, 0x1f, 0x05,
  0x07, 0x17, 0x07, 0x17, 0x07, 0x17, 0x07, 0x17, 0x07, 0x17, 0x23, 0x17,
  0x27, 0x17, 0x27, 0x07, 0x27, 0x07, 0x27, 0x15, 0x27, 0x1e, 0x02, 0x17,
  0x3e, 0x01, 0x37, 0x3e, 0x01, 0x37, 0x36, 0x34, 0x27, 0x2e, 0x02, 0x27,
  0x2e, 0x09, 0x27, 0x26, 0x07, 0x22, 0x07, 0x0e, 0x01, 0x07, 0x06, 0x27,
  0x1e, 0x01, 0x17, 0x16, 0x37, 0x3e, 0x01, 0x33, 0x32, 0x17, 0x16, 0x17,
  0x16, 0x17, 0x16, 0x15, 0x14, 0x07, 0x06, 0x27, 0x26, 0x27, 0x2e, 0x06,
  0x27, 0x26, 0x27, 0x26, 0x06, 0x07, 0x16, 0x17, 0x16, 0x17, 0x1e, 0x01,
  0x17, 0x14, 0x07, 0x06, 0x07, 0x0e, 0x02, 0x16, 0x17, 0x1e, 0x01, 0x17,
  0x16, 0x06, 0x07, 0x06, 0x26, 0x27, 0x3e, 0x02, 0x35, 0x34, 0x27, 0x2e,
  0x02, 0x27, 0x2e, 0x05, 0x35, 0x06, 0x07, 0x0e, 0x01, 0x07, 0x06, 0x26,
  0x27, 0x2e, 0x01, 0x0e, 0x04, 0x07, 0x0e, 0x01, 0x07, 0x0e, 0x01, 0x07,
  0x0e, 0x01, 0x07, 0x06, 0x16, 0x06, 0x07, 0x0e, 0x01, 0x07, 0x0e, 0x01,
  0x07, 0x0e, 0x03, 0x15, 0x36, 0x37, 0x32, 0x16, 0x36, 0x37, 0x3e, 0x01,
  0x37, 0x36, 0x37, 0x3e, 0x01, 0x37, 0x14, 0x1e, 0x01, 0x06, 0x07, 0x0e,
  0x03, 0x1e, 0x02, 0x1f, 0x01, 0x2e, 0x02, 0x2f, 0x01, 0x0e, 0x01, 0x07,
  0x06, 0x17, 0x16, 0x06, 0x17, 0x1e, 0x01, 0x17, 0x16, 0x06, 0x17, 0x1e,
  0x01, 0x17, 0x1e, 0x02, 0x17, 0x16, 0x14, 0x17, 0x16, 0x32, 0x17, 0x16,
  0x07, 0x0e, 0x01, 0x07, 0x06, 0x17, 0x16, 0x17, 0x1e, 0x01, 0x17, 0x16,
  0x17, 0x16, 0x15, 0x14, 0x07, 0x0e, 0x03, 0x16, 0x17, 0x1e, 0x01, 0x17,
  0x2e, 0x02, 0x37, 0x3e, 0x02, 0x37, 0x36, 0x37, 0x15, 0x06, 0x16, 0x17,
  0x16, 0x3e, 0x01, 0x37, 0x0e, 0x01, 0x15, 0x06, 0x17, 0x16, 0x17, 0x16,
  0x17, 0x15, 0x16, 0x17, 0x16, 0x17, 0x2e, 0x02, 0x35, 0x34, 0x37, 0x3e,
  0x01, 0x37, 0x36, 0x37, 0x3e, 0x02, 0x35, 0x16, 0x17, 0x16, 0x07, 0x36,
  0x37, 0x16, 0x17, 0x36, 0x37, 0x36, 0x37, 0x36, 0x27, 0x2e, 0x01, 0x27,
  0x26, 0x34, 0x36, 0x35, 0x2e, 0x02, 0x07, 0x0e, 0x01, 0x22, 0x26, 0x27,
  0x26, 0x27, 0x36, 0x37, 0x36, 0x33, 0x32, 0x16, 0x37, 0x3e, 0x02, 0x37,
  0x3e, 0x01, 0x2e, 0x01, 0x27, 0x22, 0x26, 0x06, 0x27, 0x0e, 0x01, 0x23,
  0x06, 0x27, 0x26, 0x27, 0x2e, 0x01, 0x27, 0x26, 0x27, 0x2e, 0x02, 0x27,
  0x16, 0x36, 0x16, 0x17, 0x1e, 0x02, 0x17, 0x3e, 0x04, 0x37, 0x0e, 0x05,
  0x07, 0x14, 0x1e, 0x07, 0x17, 0x16, 0x17, 0x16, 0x32, 0x3e, 0x04, 0x37,
  0x36, 0x17, 0x16, 0x36, 0x37, 0x36, 0x27, 0x2e, 0x04, 0x27, 0x06, 0x07,
  0x3e, 0x01, 0x37, 0x36, 0x37, 0x36, 0x37, 0x36, 0x37, 0x36, 0x35, 0x34,
  0x27, 0x26, 0x27, 0x26, 0x06, 0x23, 0x0e, 0x01, 0x22, 0x27, 0x26, 0x27,
  0x2e, 0x01, 0x27, 0x26, 0x27, 0x26, 0x35, 0x26, 0x37, 0x36, 0x37, 0x36,
  0x17, 0x1e, 0x01, 0x07, 0x0e, 0x02, 0x07, 0x06, 0x07, 0x32, 0x17, 0x16,
  0x17, 0x22, 0x27, 0x26, 0x23, 0x22, 0x06, 0x23, 0x0e, 0x01, 0x07, 0x0e,
  0x01, 0x07, 0x06, 0x17, 0x37, 0x16, 0x17, 0x16, 0x17, 0x16, 0x07, 0x22,
  0x26, 0x27, 0x2e, 0x01, 0x27, 0x22, 0x27, 0x16, 0x07, 0x06, 0x07, 0x06,
  0x27, 0x1e, 0x01, 0x17, 0x36, 0x37, 0x3e, 0x01, 0x37, 0x36, 0x37, 0x0e,
  0x01, 0x07, 0x1e, 0x01, 0x17, 0x1e, 0x01, 0x17, 0x1e, 0x01, 0x17, 0x16,
  0x17, 0x1e, 0x01, 0x17, 0x16, 0x37, 0x32, 0x36, 0x37, 0x06, 0x27, 0x2e,
  0x01, 0x27, 0x2e, 0x02, 0x27, 0x26, 0x27, 0x2e, 0x01, 0x27, 0x26, 0x27,
  0x2e, 0x01, 0x27, 0x2e, 0x02, 0x27, 0x06, 0x07, 0x06, 0x17, 0x1e, 0x02,
  0x17, 0x1e, 0x01, 0x06, 0x07, 0x06, 0x23, 0x0e, 0x01, 0x07, 0x1e, 0x01,
  0x17, 0x1e, 0x01, 0x17, 0x34, 0x27, 0x26, 0x27, 0x26, 0x01, 0x06, 0x17,
  0x1e, 0x01, 0x17, 0x1e, 0x01, 0x17, 0x16, 0x17, 0x16, 0x06, 0x07, 0x16,
  0x36, 0x27, 0x2e, 0x01, 0x27, 0x26, 0x37, 0x3e, 0x01, 0x37, 0x36, 0x27,
  0x26, 0x27, 0x2e, 0x01, 0x27, 0x1e, 0x06, 0x17, 0x1e, 0x01, 0x06, 0x15,
  0x14, 0x1e, 0x01, 0x17, 0x16, 0x07, 0x34, 0x27, 0x2e, 0x02, 0x27, 0x26,
  0x36, 0x27, 0x2e, 0x02, 0x23, 0x22, 0x07, 0x27, 0x2e, 0x05, 0x27, 0x2e,
  0x01, 0x23, 0x0e, 0x01, 0x07, 0x0e, 0x01, 0x07, 0x0e, 0x02, 0x23, 0x22,
  0x26, 0x27, 0x26, 0x36, 0x37, 0x36, 0x37, 0x36, 0x16, 0x33, 0x32, 0x37,
  0x06, 0x27, 0x22, 0x2e, 0x01, 0x27, 0x2e, 0x01, 0x27, 0x26, 0x07, 0x0e,
  0x01, 0x07, 0x0e, 0x01, 0x17, 0x1e, 0x01, 0x17, 0x1e, 0x01, 0x17, 0x37,
  0x07, 0x37, 0x07, 0x27, 0x07, 0x27, 0x07, 0x37, 0x07, 0x37, 0x23, 0x37,
  0x27, 0x37, 0x27, 0x37, 0x27, 0x37, 0x27, 0x37, 0x27, 0x3f, 0x05, 0x17,
  0x37, 0x17, 0x37, 0x1f, 0x02, 0x27, 0x07, 0x27, 0x0f, 0x01, 0x27, 0x07,
  0x23, 0x0f, 0x03, 0x17, 0x07, 0x17, 0x07, 0x17, 0x07, 0x1f, 0x01, 0x37,
  0x17, 0x37, 0x3e, 0x01, 0x37, 0x3e, 0x02, 0x37, 0x3e, 0x01, 0x17, 0x1e,
  0x02, 0x17, 0x36, 0x37, 0x06, 0x01, 0xb1, 0x1d, 0x0f, 0x07, 0x1c, 0x09,
  0x26, 0x1a, 0x11, 0x1c, 0x03, 0x07, 0x23, 0x14, 0x12, 0x02, 0x06, 0x0b,
  0x16, 0x05, 0x03, 0x57, 0x6e, 0x34, 0x35, 0x30, 0x05, 0x06, 0x13, 0x23,
  0x22, 0x54, 0x46, 0x6f, 0x90, 0x40, 0x52, 0x20, 0x0b, 0x3a, 0x20, 0x0c,
  0x24, 0x15, 0x01, 0x11, 0x1a, 0x2a, 0x23, 0x19, 0x1f, 0x71, 0x22, 0x1c,
  0x37, 0x40, 0x38, 0x12, 0x25, 0x10, 0x03, 0x02, 0x4a, 0x1f, 0x0a, 0x0f,
  0x10, 0x07, 0x15, 0x06, 0x0f, 0xd0, 0x1c, 0x4a, 0x60, 0x2b, 0x29, 0x26,
  0x1b, 0x4c, 0x0d, 0x0b, 0x1f, 0x07, 0x31, 0x45, 0x39, 0x21, 0x4c, 0x19,
  0x11, 0x20, 0x25, 0x10, 0x2b, 0x02, 0x11, 0x10, 0x22, 0x21, 0x12, 0x26,
  0x3e, 0x06, 0x07, 0x0a, 0x0a, 0x16, 0x27, 0x39, 0x40, 0x26, 0x16, 0x44,
  0x0c, 0x03, 0x21, 0x0f, 0x20, 0x14, 0x19, 0x12, 0x07, 0x0f, 0x0a, 0x02,
  0x11, 0x12, 0x09, 0x15, 0x0e, 0x17, 0x05, 0x05, 0x1b, 0x18, 0x0b, 0x44,
  0x81, 0x54, 0x4e, 0x3d, 0x3a, 0x38, 0x14, 0x0f, 0x02, 0x10, 0x0d, 0x4b,
  0x25, 0x43, 0x67, 0x01, 0x04, 0x02, 0x09, 0x17, 0x0b, 0x09, 0x09, 0x0c,
  0x13, 0x16, 0x1d, 0x38, 0x19, 0x0c, 0x29, 0x0d, 0x0f, 0x1f, 0x13, 0x23,
  0x06, 0x0a, 0x10, 0x0b, 0x03, 0x02, 0x05, 0x01, 0x01, 0x0c, 0x0e, 0x21,
  0x01, 0x05, 0x11, 0x05, 0x08, 0x11, 0x02, 0x09, 0x07, 0x03, 0x08, 0x03,
  0x01, 0x08, 0x08, 0x14, 0x25, 0x21, 0x08, 0x07, 0x02, 0x19, 0x04, 0x0b,
  0x09, 0x06, 0x0b, 0x10, 0x09, 0x16, 0x04, 0x04, 0x01, 0x01, 0x02, 0x02,
  0x0a, 0x0e, 0x09, 0x2c, 0x05, 0x0d, 0x1d, 0x18, 0x01, 0x04, 0x05, 0x01,
  0x10, 0x02, 0x05, 0x03, 0x05, 0x10, 0x07, 0x20, 0x04, 0x03, 0x09, 0x05,
  0x02, 0x01, 0x03, 0x25, 0x11, 0x17, 0x18, 0x01, 0x06, 0x06, 0x0c, 0x02,
  0x29, 0x20, 0x0c, 0x2b, 0x0d, 0x0f, 0x0b, 0x05, 0x22, 0x27, 0x1e, 0x19,
  0x1f, 0x20, 0x0d, 0x2e, 0x09, 0x03, 0x02, 0x06, 0x05, 0x05, 0x0e, 0x15,
  0x06, 0x04, 0x36, 0x0d, 0x1d, 0x0c, 0x07, 0x18, 0x01, 0x01, 0x09, 0x0b,
  0x1b, 0x03, 0x12, 0x12, 0x17, 0x0f, 0x0d, 0x19, 0x1b, 0x04, 0x03, 0x07,
  0x01, 0x03, 0x12, 0x03, 0x0c, 0x04, 0x01, 0x06, 0x0e, 0x02, 0x04, 0x0f,
  0x06, 0x0a, 0x04, 0x05, 0x01, 0x07, 0x1b, 0x03, 0x0d, 0x03, 0x04, 0x1a,
  0x05, 0x05, 0x0d, 0x05, 0x05, 0x0b, 0x0f, 0x04, 0x03, 0x10, 0x0a, 0x02,
  0x03, 0x0e, 0x03, 0x07, 0x0b, 0x03, 0x04, 0x17, 0x03, 0x0a, 0x09, 0x14,
  0x11, 0x0a, 0x02, 0x09, 0x05, 0x02, 0x06, 0x04, 0x1d, 0x03, 0x0e, 0x13,
  0x03, 0x3f, 0x0d, 0x0e, 0x06, 0x04, 0x09, 0x02, 0x1a, 0x02, 0x02, 0x09,
  0x09, 0x01, 0x01, 0x05, 0x1c, 0x03, 0x05, 0x02, 0x05, 0x05, 0x20, 0x06,
  0x0e, 0x07, 0x07, 0x04, 0x01, 0x06, 0x08, 0x01, 0x0a, 0x07, 0x03, 0x1e,
  0x0e, 0x02, 0x08, 0x0d, 0x0e, 0x03, 0x04, 0x06, 0x04, 0x02, 0x03, 0x06,
  0x03, 0x04, 0x14, 0x03, 0x04, 0x02, 0x01, 0x0d, 0x20, 0x32, 0x27, 0x01,
  0x03, 0x01, 0x02, 0x06, 0x0c, 0x0a, 0x06, 0x0f, 0x18, 0x0d, 0x25, 0x0b,
  0x31, 0x08, 0x3d, 0x04, 0x6b, 0x75, 0x1f, 0x07, 0x0b, 0x07, 0x05, 0x02,
  0x02, 0x01, 0x02, 0x02, 0xfa, 0x10, 0x10, 0x12, 0x06, 0x1b, 0x09, 0x01,
  0x03, 0x02, 0x0a, 0x04, 0x15, 0x23, 0x09, 0x0a, 0x06, 0x09, 0x0b, 0x16,
  0x08, 0x08, 0x06, 0x05, 0x07, 0x61, 0x01, 0x23, 0x1c, 0x19, 0x35, 0x21,
  0x0b, 0x22, 0x06, 0x22, 0x0c, 0x0e, 0x26, 0x07, 0x05, 0x18, 0x03, 0x14,
  0x0a, 0x10, 0x15, 0x1e, 0x0d, 0x05, 0x1c, 0x06, 0x05, 0x21, 0x06, 0x1a,
  0x1d, 0x30, 0x16, 0x19, 0x06, 0x02, 0x0a, 0x04, 0x0e, 0x1f, 0x18, 0x0a,
  0x10, 0x02, 0x12, 0x13, 0x05, 0x05, 0x03, 0x01, 0x01, 0x04, 0x0a, 0x05,
  0x01, 0x06, 0x16, 0x07, 0x0c, 0x15, 0x06, 0x09, 0x01, 0x01, 0x03, 0x03,
  0x04, 0x0d, 0x11, 0x04, 0x03, 0x0e, 0x0b, 0xba, 0x04, 0x13, 0x1d, 0x06,
  0x08, 0x1d, 0x07, 0x04, 0x02, 0x0c, 0x01, 0x01, 0x01, 0x03, 0x94, 0x20,
  0x06, 0x04, 0x07, 0x07, 0x02, 0x16, 0x10, 0x03, 0x0b, 0x06, 0x07, 0x03,
  0x02, 0x10, 0x22, 0x08, 0x05, 0x02, 0x03, 0x04, 0x17, 0x04, 0x0c, 0x0a,
  0x03, 0x03, 0x03, 0x01, 0x02, 0x0f, 0x03, 0x09, 0x42, 0x07, 0x1a, 0x04,
  0x05, 0x12, 0x04, 0x01, 0x01, 0x02, 0x06, 0x04, 0x0a, 0x29, 0x09, 0x0e,
  0x38, 0x04, 0x2b, 0x18, 0x32, 0x12, 0x07, 0x08, 0x05, 0x07, 0x03, 0x03,
  0x01, 0x0a, 0x01, 0x04, 0x02, 0x02, 0x02, 0x04, 0x05, 0x09, 0x09, 0x16,
  0x04, 0x0a, 0x08, 0x15, 0x0d, 0x13, 0x16, 0x07, 0x02, 0x01, 0x02, 0x15,
  0x0c, 0x11, 0x07, 0x08, 0x0e, 0x09, 0x0e, 0x17, 0x11, 0x20, 0x11, 0x0f,
  0x04, 0x06, 0x05, 0x01, 0x03, 0x03, 0x10, 0x28, 0x2a, 0x22, 0x0f, 0x21,
  0x05, 0x02, 0x01, 0x02, 0x07, 0x0a, 0x0d, 0x03, 0x15, 0x04, 0x06, 0x14,
  0x87, 0x03, 0x0f, 0x12, 0x0b, 0x02, 0x01, 0x07, 0x0e, 0x03, 0x05, 0x12,
  0x02, 0x0c, 0x2d, 0x29, 0x06, 0x01, 0x05, 0x04, 0x02, 0x04, 0x03, 0x04,
  0x04, 0x04, 0x02, 0x01, 0x01, 0x03, 0x0b, 0x01, 0x09, 0x09, 0x06, 0x06,
  0x1c, 0x04, 0x05, 0x02, 0x03, 0x03, 0x14, 0x09, 0x07, 0x07, 0x03, 0x08,
  0x01, 0x01, 0x0a, 0x0b, 0x14, 0x16, 0x02, 0x1e, 0x01, 0x08, 0x05, 0x02,
  0x01, 0x01, 0x02, 0x06, 0x04, 0x0b, 0x04, 0x08, 0x04, 0x02, 0x11, 0x04,
  0x1f, 0x28, 0x16, 0x04, 0x17, 0x05, 0x02, 0x11, 0x03, 0x02, 0x02, 0x03,
  0x06, 0x0c, 0x14, 0x04, 0x05, 0x06, 0x02, 0x04, 0x01, 0x07, 0x1c, 0x2d,
  0x01, 0x07, 0x03, 0x06, 0x03, 0x05, 0x02, 0x02, 0x01, 0x05, 0x10, 0x0b,
  0x1f, 0x05, 0x2e, 0x06, 0x17, 0x12, 0x09, 0x3c, 0x4b, 0x2a, 0x23, 0x0f,
  0x3f, 0x0c, 0x34, 0x15, 0x0a, 0x16, 0x1c, 0x07, 0x23, 0x1d, 0x2d, 0x0b,
  0x28, 0x05, 0x1d, 0x16, 0x17, 0x1e, 0x0b, 0x23, 0x04, 0x30, 0x15, 0x35,
  0x1c, 0x25, 0x28, 0x18, 0x21, 0x29, 0x50, 0x34, 0x36, 0x2b, 0x38, 0x32,
  0x30, 0x33, 0x19, 0x33, 0x1a, 0x20, 0x09, 0x1b, 0x0b, 0x21, 0x20, 0x22,
  0x2b, 0x2c, 0x34, 0x21, 0x2a, 0x1c, 0x30, 0x18, 0x36, 0x0d, 0x27, 0x0e,
  0x1c, 0x0f, 0x21, 0x25, 0x01, 0x07, 0x0a, 0x0a, 0x34, 0x49, 0x26, 0x23,
  0x4a, 0x0b, 0x0d, 0x0c, 0x08, 0x19, 0x14, 0x18, 0x02, 0x12, 0x05, 0x10,
  0x07, 0x0f, 0x09, 0x0f, 0x0b, 0x0e, 0x07, 0x58, 0x91, 0x2c, 0x37, 0x17,
  0x52, 0x16, 0x14, 0x12, 0x09, 0x15, 0x16, 0x13, 0x56, 0x0b, 0x41, 0x1d,
  0x37, 0x36, 0x40, 0x26, 0x15, 0x0b, 0x0c, 0x09, 0x21, 0x56, 0x2f, 0x53,
  0x04, 0x1d, 0x0c, 0x1a, 0x10, 0x18, 0x16, 0x0b, 0x35, 0x47, 0x3d, 0x3f,
  0x33, 0x23, 0x05, 0x2e, 0x22, 0x14, 0x0f, 0x01, 0x21, 0x01, 0x1f, 0x06,
  0x04, 0x07, 0x02, 0x05, 0x03, 0x0f, 0x03, 0x09, 0x07, 0x0c, 0x0f, 0x22,
  0x0c, 0x0c, 0x0c, 0x0b, 0x1a, 0x0b, 0x21, 0x19, 0x0d, 0x08, 0x0b, 0x06,
  0x06, 0x02, 0x06, 0x18, 0x17, 0x09, 0x28, 0x09, 0x26, 0x10, 0x17, 0x09,
  0x13, 0x19, 0x0f, 0x21, 0x0b, 0x27, 0x03, 0x03, 0x37, 0x0e, 0x1c, 0x47,
  0x19, 0x25, 0x52, 0x19, 0x03, 0x03, 0x08, 0x0b, 0x10, 0x12, 0x01, 0x05,
  0x17, 0x09, 0x05, 0x0f, 0x04, 0x04, 0x22, 0x1b, 0x03, 0x14, 0x16, 0x16,
  0x0f, 0x5a, 0x04, 0x60, 0x3d, 0x2d, 0x32, 0x09, 0x02, 0x01, 0x02, 0x03,
  0x01, 0x07, 0x01, 0x04, 0x03, 0x03, 0x0a, 0x08, 0x17, 0x04, 0x18, 0x11,
  0x03, 0x13, 0x20, 0x21, 0x29, 0x06, 0x0b, 0x04, 0x05, 0x04, 0x03, 0x16,
  0x03, 0x02, 0x01, 0x05, 0x05, 0x1f, 0x03, 0x04, 0x06, 0x06, 0x02, 0x02,
  0x06, 0x05, 0x1d, 0x06, 0x0f, 0x05, 0x02, 0x11, 0x02, 0x07, 0x09, 0x06,
  0x1d, 0x07, 0x1f, 0x08, 0x14, 0x0f, 0x0b, 0x0c, 0x01, 0x07, 0x02, 0x01,
  0x05, 0x07, 0x0b, 0x11, 0x06, 0x01, 0x05, 0x01, 0x03, 0x03, 0x0e, 0x13,
  0x04, 0x06, 0x16, 0x05, 0x06, 0x13, 0x05, 0x0e, 0x10, 0x05, 0x01, 0x15,
  0x02, 0x0e, 0x07, 0x23, 0x0a, 0x14, 0x01, 0x0e, 0x08, 0x19, 0x03, 0x0b,
  0x06, 0x16, 0x08, 0x38, 0x09, 0x16, 0x07, 0x02, 0x03, 0x01, 0x06, 0x02,
  0x01, 0x11, 0x1f, 0x0d, 0x02, 0x02, 0x07, 0x12, 0x10, 0x05, 0x05, 0x05,
  0x02, 0x14, 0x02, 0x03, 0x03, 0x05, 0x11, 0x0e, 0x07, 0x07, 0x25, 0x13,
  0x19, 0x06, 0x10, 0x1a, 0x11, 0x75, 0x42, 0x3b, 0x06, 0x2b, 0x08, 0x06,
  0x05, 0x03, 0x01, 0x03, 0x03, 0x03, 0x02, 0x03, 0x01, 0x4b, 0x02, 0x25,
  0x12, 0x53, 0x14, 0x44, 0x2a, 0x1f, 0x2a, 0x0a, 0x24, 0x02, 0x11, 0x08,
  0x05, 0x0b, 0x11, 0x02, 0x04, 0x11, 0x0e, 0x06, 0x08, 0x13, 0x15, 0x03,
  0x02, 0x07, 0x03, 0x09, 0x0d, 0x0b, 0x07, 0x0b, 0x06, 0x05, 0x02, 0x04,
  0x01, 0x0f, 0x04, 0x0e, 0x08, 0x0e, 0x0b, 0x0e, 0x0e, 0x07, 0x1a, 0x22,
  0x0b, 0x15, 0x19, 0x12, 0x1d, 0x0e, 0x20, 0x06, 0x24, 0x56, 0x0e, 0x29,
  0x05, 0x07, 0x08, 0x04, 0x17, 0x08, 0x07, 0x07, 0x02, 0x29, 0x32, 0x09,
  0x26, 0x0a, 0x12, 0x27, 0x1d, 0x09, 0x16, 0x0b, 0x0a, 0x07, 0x09, 0x15,
  0x07, 0x14, 0x04, 0x03, 0x10, 0x0c, 0x07, 0x1d, 0x17, 0x09, 0x1f, 0x07,
  0x1a, 0x4a, 0x09, 0x06, 0x0c, 0x0b, 0x1b, 0x13, 0x08, 0x06, 0x08, 0x02,
  0x02, 0x05, 0x07, 0x02, 0x0d, 0x03, 0x10, 0x0e, 0x12, 0x07, 0x01, 0x02,
  0x10, 0x0e, 0x04, 0x13, 0x01, 0x01, 0x05, 0x02, 0x02, 0x0c, 0x01, 0x03,
  0x02, 0x6a, 0x04, 0x08, 0x0f, 0x04, 0x05, 0x03, 0x01, 0x0a, 0x02, 0x02,
  0x08, 0x03, 0x01, 0x0f, 0x04, 0x01, 0x05, 0x18, 0x04, 0x15, 0x01, 0x07,
  0x02, 0x15, 0x0b, 0x02, 0x11, 0x06, 0x0a, 0x13, 0x05, 0x0c, 0x04, 0x03,
  0x0c, 0x03, 0x06, 0x1b, 0x08, 0x03, 0x29, 0x0d, 0x1f, 0x1a, 0x0a, 0x27,
  0x0c, 0x22, 0x2e, 0x0f, 0x1c, 0x02, 0x24, 0x10, 0x03, 0x04, 0x05, 0x04,
  0x0a, 0x0e, 0x05, 0x22, 0x10, 0x07, 0x0f, 0x04, 0x08, 0x21, 0x19, 0x27,
  0x1f, 0x0a, 0x18, 0x1e, 0x07, 0x17, 0x02, 0x06, 0x11, 0x03, 0x15, 0x0f,
  0x03, 0x03, 0x01, 0x06, 0x10, 0x0d, 0x01, 0x04, 0x12, 0x04, 0x03, 0x1d,
  0x07, 0x06, 0x15, 0x06, 0x01, 0x01, 0x0b, 0x04, 0xfe, 0x9b, 0x02, 0x08,
  0x03, 0x0b, 0x0e, 0x12, 0x36, 0x09, 0x1d, 0x05, 0x03, 0x09, 0x07, 0x0c,
  0x14, 0x05, 0x02, 0x17, 0x02, 0x08, 0x05, 0x02, 0x2e, 0x03, 0x1b, 0x0d,
  0x11, 0x58, 0x0a, 0x1a, 0x02, 0x01, 0x12, 0x05, 0x0f, 0x06, 0x0a, 0x07,
  0x03, 0x04, 0x01, 0x03, 0x07, 0x0c, 0x02, 0x06, 0x05, 0x0a, 0x04, 0x0b,
  0x08, 0x02, 0x03, 0x03, 0x0a, 0x0a, 0x0a, 0x16, 0x0a, 0x07, 0x18, 0x10,
  0x05, 0x15, 0x09, 0x13, 0x0e, 0x14, 0x0b, 0x21, 0x2c, 0x27, 0x30, 0x4a,
  0x28, 0x1f, 0xc8, 0x11, 0x17, 0x10, 0x1d, 0x17, 0x27, 0x50, 0x02, 0x03,
  0x0f, 0x28, 0x42, 0xaa, 0x2b, 0x74, 0x14, 0x6c, 0x14, 0x17, 0x1a, 0x0e,
  0x25, 0x34, 0x11, 0x21, 0x4b, 0x3b, 0x8e, 0x5c, 0x42, 0x5a, 0x22, 0x23,
  0x13, 0x06, 0x05, 0x33, 0x31, 0x31, 0x6b, 0x54, 0x19, 0x2c, 0x02, 0x27,
  0x10, 0x21, 0x10, 0x2d, 0x0f, 0x3c, 0x1c, 0x38, 0x21, 0x32, 0x27, 0x3b,
  0x31, 0x31, 0x27, 0x24, 0x25, 0x0d, 0x20, 0x09, 0x24, 0x21, 0x38, 0x1d,
  0x3b, 0x36, 0x38, 0x42, 0x2e, 0x3f, 0x3d, 0x5d, 0x2f, 0x25, 0x1b, 0x2e,
  0x2a, 0x1f, 0x3f, 0x15, 0x38, 0x06, 0x27, 0x0d, 0x23, 0x1a, 0x1a, 0x23,
  0x07, 0x30, 0x0a, 0x35, 0x20, 0x28, 0x37, 0x3f, 0x2b, 0x10, 0x4c, 0x3a,
  0x27, 0x30, 0x50, 0x36, 0x1e, 0x27, 0x39, 0x09, 0x0a, 0x05, 0x09, 0x01,
  0xc2, 0x02, 0x1c, 0x0c, 0x08, 0x03, 0x0d, 0x13, 0x0d, 0x10, 0x16, 0x33,
  0x14, 0x0c, 0x19, 0x14, 0x1a, 0x0c, 0x17, 0x25, 0x21, 0x0d, 0x3d, 0x42,
  0x42, 0x7c, 0x55, 0x59, 0x7b, 0x43, 0x43, 0x4f, 0x25, 0x3a, 0x01, 0x01,
  0x0e, 0x12, 0x07, 0x25, 0x0f, 0x10, 0x19, 0x25, 0x13, 0x0c, 0x03, 0x01,
  0x16, 0x05, 0x05, 0x10, 0x1d, 0x31, 0x1f, 0x40, 0x47, 0x3c, 0x35, 0x4f,
  0x01, 0x07, 0x04, 0x0e, 0x04, 0x09, 0xec, 0x17, 0x3c, 0x02, 0x07, 0x0f,
  0x0b, 0x3c, 0x07, 0x06, 0x20, 0x05, 0x24, 0x15, 0x05, 0x03, 0x21, 0x16,
  0x0f, 0x21, 0x2e, 0x16, 0x3b, 0x03, 0x18, 0x14, 0x26, 0x16, 0x05, 0x0c,
  0x46, 0x26, 0x35, 0x10, 0x2d, 0x26, 0x24, 0x26, 0x3d, 0x1d, 0x20, 0x0d,
  0x01, 0x01, 0x02, 0x01, 0x01, 0x03, 0x05, 0x0a, 0x07, 0x0d, 0x19, 0x19,
  0x0e, 0x01, 0x01, 0x06, 0x08, 0x10, 0x03, 0x03, 0x12, 0x0f, 0x04, 0x1c,
  0x0c, 0x0a, 0x2b, 0x22, 0x4a, 0x4a, 0x53, 0x3f, 0x9c, 0x3e, 0x30, 0x7c,
  0x23, 0x3f, 0x13, 0x06, 0x18, 0x05, 0x22, 0x08, 0x01, 0x07, 0x06, 0x27,
  0x0a, 0x0a, 0x04, 0x02, 0x16, 0x02, 0x01, 0x0d, 0x0c, 0x19, 0x05, 0x06,
  0x08, 0x03, 0x1f, 0x0f, 0x19, 0x06, 0x10, 0x04, 0x01, 0x11, 0x03, 0x06,
  0x06, 0x01, 0x0e, 0x02, 0x05, 0x08, 0x06, 0x16, 0x2c, 0x20, 0x17, 0x14,
  0x14, 0x25, 0x14, 0x0e, 0x07, 0x03, 0x11, 0x05, 0x0f, 0x08, 0x15, 0x0c,
  0x08, 0x0a, 0x09, 0x05, 0x09, 0x01, 0x04, 0x18, 0x08, 0x12, 0x0f, 0x08,
  0x27, 0x06, 0x04, 0x01, 0x01, 0x03, 0x06, 0x20, 0x03, 0x0a, 0x10, 0x06,
  0x1b, 0x06, 0x19, 0x0f, 0x13, 0x10, 0x07, 0x13, 0x03, 0x03, 0x06, 0x04,
  0x08, 0x05, 0x0f, 0x2a, 0x06, 0x08, 0x0b, 0x06, 0x0d, 0x08, 0x0d, 0x02,
  0x0a, 0x22, 0x21, 0x25, 0x0b, 0x0a, 0x05, 0x03, 0x08, 0x08, 0x0f, 0x03,
  0x04, 0x09, 0x03, 0x1f, 0x05, 0x01, 0x0d, 0x05, 0x0a, 0x03, 0x05, 0x08,
  0x09, 0x03, 0x06, 0x03, 0x06, 0x07, 0x03, 0x13, 0x01, 0x03, 0x16, 0x0b,
  0x09, 0x01, 0x01, 0x02, 0x03, 0x05, 0x0c, 0x0a, 0x19, 0x1b, 0x0c, 0x07,
  0x15, 0x02, 0x03, 0x0a, 0x03, 0x0e, 0x0e, 0x06, 0x0d, 0x14, 0x03, 0x03,
  0x0b, 0x05, 0x09, 0x07, 0x0b, 0x06, 0x19, 0x26, 0x04, 0x10, 0x05, 0x03,
  0x16, 0x08, 0x06, 0x1d, 0x07, 0x05, 0x0a, 0x0a, 0x04, 0x08, 0x1c, 0x16,
  0x07, 0x11, 0x14, 0x04, 0x06, 0x05, 0x02, 0x03, 0x01, 0x05, 0x10, 0x0d,
  0x23, 0x09, 0x10, 0x02, 0x0a, 0x08, 0x06, 0x16, 0x09, 0x05, 0x0e, 0x03,
  0x0b, 0x0a, 0x0b, 0x0d, 0x02, 0x2b, 0x0e, 0x0f, 0x12, 0x0a, 0x11, 0x05,
  0x1a, 0x07, 0x07, 0x07, 0x04, 0x01, 0x01, 0x01, 0x04, 0x03, 0x18, 0x05,
  0x04, 0x05, 0x05, 0x0a, 0x17, 0x16, 0x0e, 0x04, 0x06, 0x06, 0x01, 0x0a,
  0x07, 0x03, 0x0b, 0x1f, 0x09, 0x04, 0x01, 0x01, 0x01, 0x03, 0x02, 0x08,
  0x08, 0x46, 0x0a, 0x09, 0x0a, 0x0a, 0x32, 0x12, 0x4e, 0x16, 0x13, 0x07,
  0x0e, 0x50, 0x1a, 0x41, 0x28, 0x3d, 0x1f, 0x16, 0x26, 0x2a, 0x19, 0x2e,
  0x10, 0x34, 0x09, 0x3f, 0x03, 0x50, 0x8d, 0x55, 0x12, 0x23, 0x27, 0x1c,
  0x2c, 0x15, 0x32, 0x0f, 0x3a, 0x34, 0x09, 0x0b, 0x05, 0x1c, 0x24, 0x06,
  0x30, 0x05, 0x24, 0x09, 0x2c, 0x0e, 0x03, 0x01, 0x09, 0x02, 0x0f, 0x04,
  0x05, 0x05, 0x08, 0x07, 0x16, 0x0a, 0x10, 0x17, 0x30, 0x12, 0x0f, 0x04,
  0x03, 0x0f, 0x06, 0x18, 0x03, 0x14, 0x09, 0x0a, 0x24, 0x04, 0x04, 0x03,
  0x07, 0x04, 0x05, 0x11, 0x18, 0x08, 0x03, 0x0d, 0x04, 0x03, 0x16, 0x04,
  0x0c, 0x14, 0x16, 0x1a, 0x03, 0x0e, 0x04, 0x0d, 0x02, 0x04, 0x1b, 0x0b,
  0x01, 0x05, 0x0a, 0x03, 0x05, 0x09, 0x03, 0x0c, 0x01, 0x03, 0x0a, 0x03,
  0x01, 0x06, 0x13, 0x0a, 0x0d, 0x16, 0x0d, 0x15, 0xe4, 0x0a, 0x22, 0x04,
  0x14, 0x0b, 0x0e, 0x04, 0x06, 0x05, 0x02, 0x01, 0x02, 0x07, 0x08, 0xfe,
  0xf4, 0x04, 0x04, 0x02, 0x08, 0x02, 0x0d, 0x01, 0x03, 0x05, 0x01, 0x03,
  0x0c, 0x07, 0x09, 0x02, 0x3c, 0x10, 0x04, 0x06, 0x02, 0x47, 0x1b, 0x06,
  0x07, 0x0d, 0x28, 0x07, 0x06, 0x22, 0x31, 0x10, 0x09, 0x14, 0x08, 0x09,
  0x2d, 0x0a, 0x02, 0x02, 0x03, 0x05, 0x02, 0x01, 0x04, 0x04, 0x07, 0x89,
  0x02, 0x04, 0x01, 0x02, 0x11, 0x0a, 0x0f, 0x0a, 0x03, 0x04, 0x01, 0x03,
  0x04, 0x19, 0x01, 0x1f, 0x07, 0x0c, 0x04, 0x01, 0x0b, 0x08, 0x12, 0x0b,
  0x19, 0x04, 0x0f, 0x02, 0x09, 0x10, 0x02, 0x08, 0x06, 0x02, 0x01, 0x03,
  0x08, 0x0c, 0x0c, 0x0f, 0x15, 0x01, 0x0b, 0x0f, 0x04, 0x09, 0x0d, 0x03,
  0x01, 0x05, 0x0d, 0x0b, 0x0a, 0x0c, 0x04, 0x09, 0x05, 0x04, 0x02, 0x01,
  0x0f, 0x04, 0x0b, 0x11, 0x02, 0x19, 0x06, 0x1e, 0x0e, 0x05, 0x1c, 0x0c,
  0x05, 0x0e, 0x12, 0x04, 0x04, 0x06, 0x04, 0x01, 0x02, 0x01, 0x06, 0x6e,
  0x01, 0x0c, 0x04, 0x11, 0x16, 0x05, 0x0e, 0x07, 0x05, 0x02, 0x04, 0x13,
  0x02, 0x0a, 0x15, 0x1c, 0x09, 0x02, 0x16, 0x04, 0x02, 0x05, 0x03, 0x02,
  0x01, 0x07, 0x0a, 0x03, 0x07, 0x0d, 0x01, 0x0d, 0x09, 0x02, 0x02, 0x02,
  0x02, 0x01, 0x0a, 0x02, 0x02, 0x02, 0x04, 0x05, 0x07, 0x05, 0x0b, 0x02,
  0x30, 0x1b, 0x19, 0x1c, 0x0b, 0x01, 0x0a, 0x02, 0x06, 0x07, 0x06, 0x04,
  0x25, 0x86, 0x01, 0x03, 0x03, 0x04, 0x1b, 0x0e, 0x0c, 0x1b, 0x12, 0x01,
  0x02, 0x03, 0x17, 0x08, 0x06, 0x2f, 0x08, 0x0e, 0x0f, 0x10, 0x05, 0x04,
  0x0e, 0x08, 0x17, 0x04, 0x04, 0x13, 0x05, 0x04, 0x01, 0x08, 0x02, 0x06,
  0x04, 0x06, 0x05, 0x07, 0x04, 0x1f, 0x1a, 0x10, 0x1c, 0x04, 0x1f, 0x02,
  0x0a, 0x06, 0x02, 0x0b, 0x2c, 0x1a, 0x24, 0x10, 0x54, 0x0d, 0x3d, 0x10,
  0x09, 0x0c, 0x0c, 0x04, 0x26, 0x25, 0x06, 0x33, 0x0c, 0x45, 0x15, 0x2c,
  0x2e, 0x36, 0x35, 0x1d, 0x37, 0x13, 0x30, 0x23, 0x01, 0x04, 0x10, 0x16,
  0x16, 0x1f, 0x2e, 0x08, 0x0a, 0x11, 0x0c, 0x1c, 0x03, 0x2d, 0x06, 0x32,
  0x11, 0x40, 0x1a, 0x38, 0x2a, 0x2d, 0x1d, 0x26, 0x2d, 0x10, 0x31, 0x07,
  0x36, 0x27, 0x07, 0x3a, 0x23, 0x45, 0x32, 0x3f, 0x2f, 0x42, 0x3b, 0x07,
  0x31, 0x1f, 0x0e, 0x07, 0x20, 0x25, 0x22, 0x79, 0x2d, 0x33, 0xa1, 0x35,
  0x1f, 0x38, 0x1f, 0x24, 0x01, 0x14, 0x05, 0x11, 0x07, 0x0f, 0x08, 0x0c,
  0x09, 0x0a, 0x04, 0x35, 0x02, 0x13, 0x09, 0x35, 0x08, 0x08, 0x09, 0x12,
  0x12, 0x06, 0x06, 0x08, 0x01, 0x0c, 0x20, 0x25, 0x3b, 0x23, 0x2c, 0x30,
  0x26, 0x2c, 0x20, 0x75, 0x0b, 0x06, 0x6e, 0x05, 0x28, 0x0f, 0x23, 0x13,
  0x1c, 0x16, 0x0b, 0x31, 0x07, 0x05, 0x18, 0x29, 0x0b, 0x02, 0x15, 0x20,
  0x13, 0x1b, 0x18, 0x17, 0x21, 0x01, 0x18, 0x06, 0x05, 0x0b, 0x0b, 0x05,
  0x04, 0x0a, 0x02, 0x07, 0x25, 0x06, 0x09, 0x02, 0x0c, 0x01, 0x04, 0x0a,
  0x08, 0x0b, 0x0c, 0x04, 0x09, 0x0b, 0x0a, 0x05, 0x0b, 0x06, 0x0f, 0x03,
  0x18, 0x03, 0x02, 0x07, 0x03, 0x14, 0x02, 0x07, 0x01, 0x06, 0x02, 0x02,
  0x03, 0x02, 0x09, 0x03, 0x0c, 0x01, 0x01, 0x03, 0x05, 0x0a, 0x2a, 0x14,
  0x1e, 0xa6, 0x64, 0x16, 0x20, 0x1c, 0x09, 0x0c, 0x4a, 0x01, 0x08, 0x0b,
  0x0a, 0x05, 0x0d, 0x06, 0x11, 0x0e, 0x15, 0x02, 0x09, 0x0c, 0x16, 0x0e,
  0x14, 0x02, 0x23, 0x44, 0x32, 0x77, 0x4f, 0x04, 0x17, 0x10, 0x20, 0x11,
  0x02, 0x27, 0x0a, 0x23, 0x12, 0x1f, 0x1c, 0x0e, 0x2c, 0x06, 0x1d, 0x19,
  0x0a, 0x31, 0x32, 0x26, 0x22, 0x34, 0x20, 0x0f, 0x39, 0x06, 0x09, 0x09,
  0x08, 0x08, 0x38, 0x07, 0x0a, 0x02, 0x01, 0x03, 0x07, 0x09, 0x02, 0x03,
  0x1a, 0x03, 0x03, 0x03, 0x08, 0x16, 0x07, 0x13, 0x05, 0x0d, 0x11, 0x0d,
  0x0b, 0x03, 0x04, 0x03, 0x0a, 0x19, 0x13, 0x0c, 0x0d, 0x18, 0x02, 0x0b,
  0x06, 0x0b, 0x0b, 0x06, 0x0c, 0x07, 0x07, 0x09, 0x1b, 0x0d, 0x0d, 0x08,
  0x0b, 0x09, 0x03, 0x04, 0x19, 0x24, 0x0e, 0x18, 0x02, 0x01, 0x04, 0x07,
  0x02, 0x02, 0x1b, 0x09, 0x1c, 0x14, 0x0b, 0x18, 0x07, 0x08, 0x2e, 0x14,
  0x12, 0x0b, 0x11, 0x05, 0x14, 0x0f, 0x08, 0x17, 0x15, 0x07, 0x1b, 0x08,
  0x13, 0x12, 0x06, 0x11, 0x18, 0x02, 0x14, 0x16, 0x15, 0x25, 0x0e, 0x1f,
  0x02, 0x17, 0x07, 0x0e, 0x0d, 0x0b, 0x0d, 0x15, 0x07, 0x1b, 0x05, 0x05,
  0x0e, 0x11, 0x06, 0x01, 0x05, 0x03, 0x01, 0x02, 0x13, 0x11, 0x02, 0x04,
  0x02, 0x11, 0x11, 0x0b, 0x06, 0x03, 0x01, 0x07, 0x0d, 0x03, 0x0a, 0x11,
  0x1a, 0x07, 0x12, 0x09, 0x02, 0x01, 0x02, 0x14, 0x02, 0x19, 0x13, 0x40,
  0x0e, 0x49, 0x05, 0x1e, 0x08, 0x04, 0x04, 0x05, 0x01, 0x01, 0x01, 0x01,
  0x03, 0x05, 0x1a, 0x28, 0x03, 0x07, 0x1b, 0x0a, 0x11, 0x0c, 0x07, 0x08,
  0x10, 0x0c, 0x14, 0x0a, 0x18, 0x05, 0x01, 0x1a, 0x05, 0x18, 0x09, 0x14,
  0x0a, 0x0d, 0x09, 0x02, 0x0a, 0x02, 0x02, 0x03, 0x02, 0x07, 0x03, 0x08,
  0x02, 0x08, 0x05, 0x01, 0x0e, 0x0b, 0x10, 0x0d, 0x04, 0x0e, 0x08, 0x08,
  0x0b, 0x03, 0x08, 0x02, 0x03, 0x0d, 0x04, 0x06, 0x19, 0x12, 0x09, 0x16,
  0x12, 0x10, 0x23, 0x2b, 0x0f, 0x11, 0x06, 0x01, 0x08, 0x01, 0x03, 0x04,
  0x0c, 0x22, 0x0c, 0x42, 0x0d, 0x2d, 0x64, 0x21, 0x0b, 0x32, 0x21, 0x27,
  0x0b, 0x06, 0x03, 0x03, 0x0c, 0x07, 0x06, 0x06, 0x05, 0x01, 0x0d, 0x0e,
  0x02, 0x06, 0x11, 0x02, 0x0e, 0x04, 0x03, 0x15, 0x04, 0x03, 0x06, 0x04,
  0x0a, 0x18, 0x0c, 0x02, 0x04, 0x0a, 0x0a, 0x0d, 0x15, 0x01, 0x02, 0x01,
  0x0d, 0x02, 0x03, 0x0e, 0x0b, 0x1c, 0x01, 0x01, 0x04, 0x03, 0x0d, 0x03,
  0x01, 0x05, 0x01, 0x0b, 0x02, 0x03, 0x02, 0x04, 0x0e, 0x03, 0x09, 0x24,
  0x08, 0x05, 0x0d, 0x04, 0x02, 0x1e, 0x06, 0x0f, 0x04, 0x02, 0x17, 0x01,
  0x05, 0x03, 0x13, 0x0f, 0x09, 0x26, 0x05, 0x28, 0x09, 0x07, 0x0b, 0x10,
  0x07, 0x2b, 0x20, 0x0e, 0x37, 0x0a, 0x11, 0x2c, 0x22, 0x26, 0x0e, 0x04,
  0x07, 0x06, 0x02, 0x09, 0x0b, 0x15, 0x10, 0x05, 0x13, 0x12, 0x09, 0x0c,
  0x36, 0x14, 0x86, 0x0a, 0x02, 0x03, 0x01, 0x06, 0x2a, 0x0b, 0x0b, 0x2e,
  0x09, 0x18, 0x0c, 0x07, 0x21, 0x0b, 0x01, 0xe8, 0x20, 0x24, 0x13, 0x14,
  0x09, 0x0f, 0x11, 0x05, 0x10, 0x0e, 0x09, 0x11, 0x05, 0x03, 0x18, 0x0e,
  0x04, 0x0f, 0x05, 0x0c, 0x11, 0x0a, 0x21, 0x03, 0x1c, 0x26, 0x2b, 0x28,
  0x04, 0x07, 0x01, 0x01, 0x0b, 0x03, 0x0a, 0x07, 0x0a, 0x0c, 0x06, 0x0d,
  0x13, 0x16, 0x07, 0x06, 0x08, 0x08, 0x02, 0x07, 0x0c, 0x0b, 0x07, 0x02,
  0x04, 0x06, 0x07, 0x07, 0x30, 0x09, 0x0c, 0x0c, 0x0f, 0x06, 0x13, 0x04,
  0x13, 0x08, 0x10, 0x09, 0x0c, 0x05, 0x0e, 0x08, 0x01, 0x16, 0x22, 0x1b,
  0xe8, 0x0c, 0x10, 0x09, 0x07, 0x59, 0x3a, 0x45, 0x47, 0x45, 0x73, 0x17,
  0x05, 0x15, 0x36, 0x0a, 0x01, 0x13, 0x21, 0x09, 0x0f, 0x0b, 0x01, 0x02,
  0x32, 0x24, 0x53, 0x3e, 0x3e, 0x79, 0x55, 0x4e, 0x7d, 0x3d, 0x3d, 0x3b,
  0x0b, 0x6a, 0x3d, 0x45, 0x30, 0x41, 0x34, 0x49, 0x25, 0x3c, 0x07, 0x2a,
  0x37, 0x07, 0x33, 0x12, 0x30, 0x27, 0x1d, 0x31, 0x2d, 0x3a, 0x1c, 0x43,
  0x13, 0x34, 0x06, 0x2f, 0x03, 0x1d, 0x0d, 0x14, 0x0c, 0x08, 0x30, 0x20,
  0x16, 0x17, 0x13, 0x04, 0x03, 0x26, 0x33, 0x13, 0x3a, 0x1f, 0x37, 0x38,
  0x31, 0x2d, 0x18, 0x49, 0x0b, 0x36, 0x06, 0x26, 0x27, 0x1b, 0x2f, 0x2e,
  0x11, 0x5b, 0x34, 0x16, 0x1b, 0x10, 0x08, 0x06, 0x16, 0x39, 0x07, 0x0f,
  0x04, 0x24, 0x00, 0x03, 0xff, 0xff, 0xfe, 0x67, 0x08, 0x02, 0x06, 0x64,
  0x00, 0x13, 0x00, 0x3e, 0x00, 0x70, 0x00, 0x00, 0x13, 0x3e, 0x02, 0x37,
  0x00, 0x25, 0x36, 0x33, 0x32, 0x16, 0x17, 0x16, 0x07, 0x02, 0x01, 0x06,
  0x07, 0x06, 0x26, 0x01, 0x36, 0x24, 0x37, 0x26, 0x27, 0x26, 0x00, 0x27,
  0x2e, 0x02, 0x27, 0x33, 0x16, 0x36, 0x16, 0x17, 0x1e, 0x01, 0x07, 0x0e,
  0x01, 0x02, 0x07, 0x06, 0x02, 0x07, 0x06, 0x07, 0x00, 0x27, 0x2e, 0x01,
  0x27, 0x2e, 0x01, 0x27, 0x2e, 0x02, 0x27, 0x26, 0x01, 0x3e, 0x02, 0x37,
  0x3e, 0x01, 0x37, 0x36, 0x13, 0x3e, 0x01, 0x37, 0x16, 0x04, 0x17, 0x06,
  0x07, 0x16, 0x04, 0x17, 0x15, 0x0e, 0x01, 0x07, 0x06, 0x04, 0x07, 0x06,
  0x27, 0x2e, 0x01, 0x27, 0x26, 0x3e, 0x02, 0x37, 0x34, 0x3e, 0x01, 0x37,
  0x1e, 0x02, 0x17, 0x16, 0x13, 0x1e, 0x01, 0x50, 0x02, 0x14, 0x19, 0x10,
  0x01, 0x04, 0x02, 0x18, 0x5a, 0x88, 0x46, 0x5b, 0x07, 0x09, 0x17, 0xfc,
  0xfd, 0x55, 0x04, 0x34, 0x76, 0x85, 0x04, 0x96, 0x3a, 0x02, 0x1b, 0x96,
  0x25, 0x04, 0x30, 0xfe, 0x17, 0x81, 0x0a, 0x12, 0x1c, 0x09, 0xf9, 0x1b,
  0x76, 0x5b, 0x29, 0x92, 0x98, 0x02, 0x02, 0x0a, 0x17, 0x02, 0x0b, 0x2c,
  0x0a, 0x02, 0x0b, 0xfe, 0xdc, 0x08, 0x03, 0x19, 0x08, 0x55, 0x5c, 0x16,
  0x11, 0x2b, 0x3c, 0x0d, 0x04, 0xfc, 0x56, 0x11, 0x3f, 0x31, 0x15, 0x0d,
  0x1c, 0x05, 0x26, 0x5a, 0x01, 0x0b, 0x03, 0x7e, 0x02, 0x05, 0x86, 0xce,
  0xef, 0x91, 0x02, 0x43, 0x92, 0x1f, 0x7d, 0x1f, 0xb9, 0xfd, 0x1e, 0xb8,
  0x7f, 0x32, 0xbb, 0xcb, 0x02, 0x01, 0x04, 0x05, 0x0a, 0x03, 0x07, 0x0e,
  0x03, 0x04, 0x11, 0x0d, 0x03, 0x1f, 0xbc, 0x03, 0x0e, 0x02, 0x4d, 0x06,
  0x51, 0x49, 0x20, 0x02, 0x0c, 0xe8, 0x28, 0x59, 0x48, 0x5a, 0x3d, 0xfd,
  0x65, 0xfe, 0xfd, 0x02, 0x08, 0x10, 0x85, 0x01, 0xde, 0x04, 0x24, 0x0b,
  0x25, 0x03, 0x26, 0x01, 0x87, 0x69, 0x08, 0x17, 0x29, 0x0d, 0x01, 0x03,
  0x04, 0x07, 0x1b, 0xb9, 0x94, 0x54, 0xac, 0xfe, 0xf9, 0x25, 0x8e, 0xfd,
  0xc6, 0x8d, 0x13, 0x89, 0x01, 0x04, 0x08, 0x02, 0x1b, 0x06, 0x36, 0xa2,
  0x6f, 0x50, 0xad, 0xde, 0x37, 0x10, 0xfb, 0xf2, 0x02, 0x08, 0x07, 0x06,
  0x03, 0x1b, 0x0f, 0x7a, 0x01, 0x30, 0x06, 0x1c, 0x08, 0x29, 0xa4, 0x2b,
  0xce, 0x99, 0x0c, 0x2c, 0x0b, 0x0b, 0x03, 0x08, 0x02, 0x0c, 0x31, 0x0c,
  0x0b, 0x02, 0x03, 0xc9, 0xbb, 0x31, 0x74, 0x53, 0x88, 0x23, 0x05, 0x09,
  0x0d, 0x04, 0x04, 0x0d, 0x0b, 0x06, 0x49, 0xfe, 0x43, 0x08, 0x1d, 0x00,
  0x00, 0x03, 0x00, 0x00, 0xfe, 0xf9, 0x08, 0x00, 0x05, 0xd3, 0x00, 0x0f,
  0x00, 0x15, 0x00, 0x19, 0x00, 0x00, 0x01, 0x32, 0x16, 0x15, 0x11, 0x14,
  0x06, 0x23, 0x21, 0x22, 0x26, 0x35, 0x11, 0x34, 0x36, 0x33, 0x13, 0x17,
  0x09, 0x01, 0x07, 0x09, 0x01, 0x35, 0x21, 0x15, 0x07, 0x6c, 0x3d, 0x57,
  0x57, 0x3d, 0xf9, 0x26, 0x3c, 0x56, 0x56, 0x3c, 0x92, 0x92, 0x01, 0xb6,
  0xfe, 0x4a, 0x92, 0x01, 0x26, 0x03, 0x6c, 0xfd, 0xb6, 0x05, 0xd3, 0x54,
  0x3d, 0xfa, 0x48, 0x3d, 0x54, 0x54, 0x3d, 0x05, 0xb8, 0x3d, 0x54, 0xfc,
  0x01, 0x93, 0x01, 0xb8, 0x01, 0xb7, 0x93, 0xfe, 0xdc, 0xfe, 0x48, 0x93,
  0x93, 0x00, 0x00, 0x0f, 0x00, 0x00, 0xfe, 0xd3, 0x08, 0x00, 0x05, 0xf9,
  0x00, 0x07, 0x00, 0x41, 0x00, 0x4e, 0x00, 0x66, 0x00, 0x6f, 0x00, 0x77,
  0x00, 0x80, 0x00, 0x88, 0x00, 0x91, 0x00, 0x98, 0x00, 0xa5, 0x00, 0xb1,
  0x00, 0xbe, 0x00, 0xcb, 0x00, 0xd7, 0x00, 0x00, 0x00, 0x34, 0x36, 0x32,
  0x16, 0x14, 0x06, 0x22, 0x01, 0x1e, 0x01, 0x14, 0x06, 0x07, 0x06, 0x07,
  0x16, 0x17, 0x16, 0x06, 0x07, 0x06, 0x23, 0x22, 0x26, 0x27, 0x0e, 0x01,
  0x23, 0x22, 0x27, 0x2e, 0x01, 0x37, 0x36, 0x37, 0x26, 0x27, 0x2e, 0x01,
  0x34, 0x36, 0x37, 0x36, 0x37, 0x26, 0x27, 0x26, 0x36, 0x37, 0x36, 0x33,
  0x32, 0x16, 0x17, 0x3e, 0x01, 0x33, 0x32, 0x17, 0x1e, 0x01, 0x07, 0x06,
  0x07, 0x16, 0x03, 0x26, 0x23, 0x22, 0x07, 0x16, 0x17, 0x16, 0x17, 0x36,
  0x37, 0x36, 0x26, 0x03, 0x36, 0x37, 0x26, 0x27, 0x26, 0x27, 0x26, 0x23,
  0x22, 0x07, 0x06, 0x07, 0x06, 0x07, 0x16, 0x17, 0x16, 0x17, 0x16, 0x33,
  0x32, 0x37, 0x36, 0x37, 0x0e, 0x01, 0x07, 0x06, 0x07, 0x36, 0x37, 0x26,
  0x01, 0x36, 0x37, 0x06, 0x23, 0x22, 0x27, 0x16, 0x25, 0x2e, 0x01, 0x27,
  0x26, 0x27, 0x06, 0x07, 0x16, 0x03, 0x36, 0x37, 0x36, 0x37, 0x06, 0x07,
  0x16, 0x01, 0x06, 0x07, 0x32, 0x36, 0x32, 0x16, 0x33, 0x26, 0x01, 0x16,
  0x17, 0x36, 0x37, 0x26, 0x27, 0x25, 0x16, 0x17, 0x36, 0x37, 0x36, 0x37,
  0x26, 0x23, 0x22, 0x07, 0x0e, 0x01, 0x01, 0x14, 0x16, 0x17, 0x36, 0x37,
  0x26, 0x27, 0x06, 0x07, 0x0e, 0x01, 0x01, 0x16, 0x33, 0x32, 0x37, 0x26,
  0x27, 0x26, 0x27, 0x06, 0x07, 0x06, 0x16, 0x01, 0x26, 0x27, 0x06, 0x07,
  0x06, 0x07, 0x16, 0x33, 0x32, 0x37, 0x3e, 0x01, 0x13, 0x3e, 0x01, 0x35,
  0x34, 0x26, 0x27, 0x06, 0x07, 0x16, 0x17, 0x36, 0x03, 0x46, 0x6c, 0x9c,
  0x6c, 0x6c, 0x9c, 0x03, 0x12, 0x99, 0xa3, 0xa3, 0x99, 0x1e, 0x52, 0x0e,
  0x0a, 0x19, 0x36, 0x4f, 0x2e, 0x3a, 0x55, 0xd3, 0x70, 0x70, 0xd2, 0x56,
  0x39, 0x2f, 0x4e, 0x38, 0x1a, 0x07, 0x11, 0x3e, 0x32, 0x99, 0xa3, 0xa2,
  0x9a, 0x2b, 0x45, 0x11, 0x07, 0x1a, 0x38, 0x4e, 0x2c, 0x3c, 0x55, 0xd2,
  0x71, 0x6f, 0xd3, 0x56, 0x3d, 0x2b, 0x4f, 0x36, 0x19, 0x0a, 0x0e, 0x17,
  0x99, 0x17, 0x23, 0x8b, 0xcd, 0x60, 0x4c, 0x87, 0x87, 0x10, 0x06, 0x15,
  0x21, 0xe8, 0x07, 0x4d, 0x2f, 0x25, 0x29, 0x3b, 0x52, 0x66, 0x62, 0x54,
  0x3f, 0x25, 0x31, 0x25, 0x22, 0x34, 0x2d, 0x35, 0x53, 0x65, 0x64, 0x54,
  0x3f, 0xab, 0x08, 0x26, 0x0a, 0x05, 0x35, 0x62, 0x50, 0x17, 0xfe, 0x35,
  0x36, 0x3c, 0x4a, 0x28, 0x26, 0x4a, 0x44, 0xfe, 0xfc, 0x06, 0x2b, 0x0b,
  0x08, 0x2e, 0x1e, 0x20, 0x52, 0x14, 0x23, 0x13, 0x09, 0x33, 0x55, 0x5b,
  0x1a, 0x01, 0xc6, 0x28, 0x48, 0x0c, 0x4e, 0x2b, 0x51, 0x0c, 0x40, 0x01,
  0x38, 0x22, 0x16, 0x23, 0x1d, 0x47, 0x6b, 0xfc, 0xc0, 0x0a, 0x0c, 0x92,
  0x7c, 0x5a, 0x50, 0xcc, 0x8c, 0x21, 0x17, 0x32, 0x21, 0xfe, 0x81, 0xc0,
  0xa8, 0x21, 0x41, 0x37, 0x2b, 0x33, 0x35, 0x79, 0x87, 0x01, 0xd2, 0x1b,
  0x1d, 0x8b, 0xcd, 0x52, 0x58, 0x88, 0x86, 0x10, 0x06, 0x15, 0x21, 0x04,
  0x14, 0x0a, 0x0c, 0x93, 0x7b, 0x55, 0x57, 0xce, 0x8a, 0x1f, 0x1b, 0x32,
  0x21, 0x7f, 0x79, 0x87, 0xc1, 0xa9, 0x20, 0x42, 0x37, 0x2b, 0x37, 0x02,
  0x18, 0x9d, 0x6d, 0x6e, 0x9b, 0x6d, 0x01, 0xee, 0x3b, 0x9e, 0xb5, 0x9f,
  0x3b, 0x0c, 0x18, 0x3c, 0x38, 0xa3, 0xdc, 0x2d, 0x1a, 0x77, 0x6d, 0x6d,
  0x77, 0x1a, 0x2d, 0xdc, 0xa3, 0x2d, 0x47, 0x12, 0x12, 0x3b, 0x9f, 0xb5,
  0x9e, 0x3b, 0x12, 0x14, 0x47, 0x2d, 0xa2, 0xdd, 0x2d, 0x18, 0x76, 0x6c,
  0x6c, 0x76, 0x18, 0x2c, 0xdd, 0xa3, 0x38, 0x3c, 0x07, 0x01, 0xd5, 0x0e,
  0xca, 0x69, 0x6b, 0x0b, 0x1d, 0x3b, 0x31, 0x80, 0xad, 0xfc, 0x55, 0x0d,
  0x95, 0x63, 0x41, 0x49, 0x55, 0x06, 0x06, 0x5d, 0x41, 0x56, 0x4e, 0x47,
  0x5b, 0x50, 0x4e, 0x06, 0x06, 0x5d, 0x75, 0x0f, 0x43, 0x12, 0x0b, 0x57,
  0x0c, 0x12, 0x47, 0xfe, 0xa7, 0x38, 0x4e, 0x02, 0x02, 0x58, 0xc6, 0x0a,
  0x46, 0x14, 0x0f, 0x55, 0x46, 0x62, 0x14, 0x01, 0x96, 0x42, 0x24, 0x11,
  0x51, 0x0a, 0x16, 0x51, 0x01, 0x65, 0x2a, 0x5e, 0x04, 0x04, 0x53, 0xfe,
  0xdd, 0x39, 0x2d, 0x53, 0x57, 0x10, 0x0e, 0xa8, 0x3f, 0x2d, 0x1e, 0x0a,
  0x7d, 0x57, 0xca, 0x0e, 0x1f, 0xad, 0xfd, 0xa4, 0x45, 0x89, 0x30, 0x70,
  0x8e, 0x78, 0x86, 0x0e, 0x14, 0x2d, 0x74, 0xfc, 0x9f, 0x10, 0xca, 0x5b,
  0x7b, 0x0b, 0x1d, 0x3b, 0x31, 0x80, 0xad, 0x01, 0x2d, 0x3f, 0x2d, 0x1e,
  0x0a, 0x77, 0x5f, 0xca, 0x10, 0x1f, 0xad, 0x01, 0x80, 0x2c, 0x75, 0x39,
  0x46, 0x89, 0x31, 0x6e, 0x90, 0x75, 0x8b, 0x10, 0x00, 0x05, 0x00, 0x00,
  0xfe, 0xb9, 0x08, 0x00, 0x06, 0x13, 0x00, 0x08, 0x00, 0x10, 0x00, 0x13,
  0x00, 0x19, 0x00, 0x26, 0x00, 0x00, 0x11, 0x33, 0x1b, 0x01, 0x33, 0x01,
  0x11, 0x23, 0x11, 0x01, 0x33, 0x01, 0x23, 0x27, 0x21, 0x07, 0x23, 0x01,
  0x03, 0x21, 0x13, 0x33, 0x11, 0x21, 0x15, 0x21, 0x01, 0x33, 0x1b, 0x01,
  0x33, 0x11, 0x23, 0x11, 0x03, 0x23, 0x03, 0x11, 0x23, 0xfe, 0xde, 0xe2,
  0xf2, 0xfe, 0x92, 0xe2, 0x02, 0xaa, 0xb6, 0x01, 0x70, 0xc2, 0x44, 0xfe,
  0x68, 0x52, 0xb4, 0x01, 0xdc, 0x8a, 0x01, 0x08, 0x88, 0xc2, 0x01, 0xd0,
  0xfd, 0x6e, 0xfb, 0xf2, 0xf6, 0xd0, 0xdc, 0xf8, 0xb6, 0xcc, 0x96, 0xc6,
  0xbc, 0x06, 0x13, 0xfe, 0x9e, 0x01, 0x62, 0xfd, 0xd9, 0xfe, 0xa4, 0x01,
  0x5c, 0x02, 0x24, 0xfc, 0x7d, 0xc8, 0xc8, 0x02, 0xc6, 0xfe, 0xb6, 0xfe,
  0x22, 0xfd, 0x4e, 0xbc, 0x03, 0x6e, 0xfe, 0x71, 0x01, 0x8f, 0xfc, 0x8e,
  0x02, 0x6e, 0xfe, 0x59, 0x01, 0x9a, 0xfd, 0x9f, 0x00, 0x09, 0x00, 0x91,
  0xfe, 0x66, 0x07, 0x6f, 0x06, 0x66, 0x00, 0x0e, 0x00, 0x11, 0x00, 0x19,
  0x00, 0x1e, 0x00, 0x29, 0x00, 0x30, 0x00, 0x39, 0x00, 0x43, 0x00, 0x4d,
  0x00, 0x00, 0x09, 0x01, 0x27, 0x21, 0x07, 0x11, 0x33, 0x11, 0x21, 0x11,
  0x17, 0x21, 0x15, 0x33, 0x11, 0x05, 0x11, 0x09, 0x01, 0x07, 0x11, 0x17,
  0x21, 0x37, 0x11, 0x27, 0x03, 0x15, 0x21, 0x11, 0x21, 0x01, 0x23, 0x15,
  0x23, 0x11, 0x33, 0x32, 0x15, 0x14, 0x07, 0x06, 0x27, 0x23, 0x15, 0x33,
  0x32, 0x35, 0x34, 0x01, 0x36, 0x27, 0x34, 0x07, 0x23, 0x11, 0x33, 0x32,
  0x27, 0x11, 0x33, 0x36, 0x17, 0x16, 0x14, 0x07, 0x06, 0x27, 0x25, 0x23,
  0x15, 0x23, 0x11, 0x21, 0x15, 0x23, 0x15, 0x33, 0x07, 0x58, 0xfe, 0x1c,
  0x2f, 0xfb, 0x92, 0x46, 0x8c, 0x03, 0x74, 0x46, 0x02, 0x04, 0x94, 0xfd,
  0xb6, 0x01, 0xb6, 0xf9, 0xfc, 0x46, 0x46, 0x06, 0x4a, 0x4e, 0x4e, 0x46,
  0xfa, 0x42, 0x05, 0xbe, 0xfb, 0x6c, 0x2f, 0x66, 0x9d, 0xa4, 0x33, 0x32,
  0x4f, 0x27, 0x27, 0x4e, 0x02, 0x04, 0x45, 0x07, 0xea, 0x9c, 0x9c, 0x65,
  0x9c, 0x2f, 0x38, 0x2a, 0x2b, 0x27, 0x28, 0x3e, 0x02, 0x59, 0x8c, 0x65,
  0x01, 0x01, 0x9c, 0x8c, 0x04, 0x71, 0x01, 0xe6, 0x0f, 0x46, 0xfc, 0xdb,
  0x02, 0xde, 0xfd, 0xfd, 0x47, 0x94, 0x01, 0x41, 0x21, 0x01, 0xbe, 0xfe,
  0x42, 0xfe, 0x4b, 0x46, 0xfc, 0x8c, 0x46, 0x46, 0x03, 0x74, 0x46, 0xfd,
  0x21, 0x8d, 0x02, 0xd7, 0xfe, 0x4a, 0x94, 0x01, 0xbd, 0x94, 0x3e, 0x2c,
  0x2b, 0xd3, 0x85, 0x43, 0x42, 0xfe, 0xd8, 0x45, 0x5e, 0xdb, 0x07, 0xfe,
  0x4a, 0x55, 0x01, 0x12, 0x07, 0x2a, 0x2b, 0x74, 0x2b, 0x2d, 0x08, 0x56,
  0xab, 0x01, 0xbd, 0x56, 0x6d, 0x00, 0x00, 0x01, 0x00, 0x00, 0xff, 0x8a,
  0x08, 0x00, 0x05, 0x42, 0x00, 0x12, 0x00, 0x00, 0x01, 0x16, 0x14, 0x07,
  0x01, 0x06, 0x22, 0x27, 0x01, 0x26, 0x34, 0x36, 0x32, 0x17, 0x09, 0x01,
  0x36, 0x32, 0x17, 0x07, 0xd5, 0x2b, 0x2b, 0xfb, 0x6e, 0x2b, 0x79, 0x2b,
  0xfd, 0xb7, 0x2b, 0x56, 0x7a, 0x2b, 0x01, 0xe1, 0x04, 0x2b, 0x2b, 0x79,
  0x2b, 0x05, 0x16, 0x2a, 0x7a, 0x2a, 0xfb, 0x6e, 0x2b, 0x2b, 0x02, 0x48,
  0x2a, 0x7b, 0x55, 0x2a, 0xfe, 0x1e, 0x04, 0x2a, 0x2b, 0x2b, 0x00, 0x01,
  0x00, 0x00, 0xfe, 0x65, 0x08, 0x00, 0x06, 0x67, 0x00, 0x1b, 0x00, 0x00,
  0x09, 0x02, 0x16, 0x14, 0x06, 0x22, 0x27, 0x09, 0x01, 0x06, 0x22, 0x26,
  0x34, 0x37, 0x09, 0x01, 0x26, 0x34, 0x36, 0x32, 0x17, 0x09, 0x01, 0x36,
  0x32, 0x16, 0x14, 0x07, 0xc4, 0xfd, 0x5e, 0x02, 0xa2, 0x3c, 0x78, 0xa9,
  0x3c, 0xfd, 0x5e, 0xfd, 0x5e, 0x3c, 0xa9, 0x78, 0x3c, 0x02, 0xa2, 0xfd,
  0x5c, 0x3c, 0x78, 0xab, 0x3c, 0x02, 0xa2, 0x02, 0xa2, 0x3c, 0xa9, 0x78,
  0x05, 0x08, 0xfd, 0x5e, 0xfd, 0x5e, 0x3c, 0xaa, 0x78, 0x3c, 0x02, 0xa2,
  0xfd, 0x5e, 0x3c, 0x78, 0xaa, 0x3c, 0x02, 0xa2, 0x02, 0xa2, 0x3c, 0xa8,
  0x78, 0x3c, 0xfd, 0x5e, 0x02, 0xa4, 0x3c, 0x78, 0xaa, 0x00, 0x00, 0x02,
  0x00, 0x00, 0xfe, 0x66, 0x08, 0x00, 0x06, 0x66, 0x00, 0x17, 0x00, 0x34,
  0x00, 0x00, 0x00, 0x20, 0x24, 0x2e, 0x02, 0x02, 0x10, 0x12, 0x3e, 0x02,
  0x24, 0x20, 0x04, 0x1e, 0x02, 0x12, 0x10, 0x02, 0x0e, 0x02, 0x01, 0x06,
  0x14, 0x1f, 0x01, 0x07, 0x06, 0x1e, 0x01, 0x32, 0x3f, 0x01, 0x17, 0x16,
  0x32, 0x36, 0x34, 0x2f, 0x01, 0x37, 0x36, 0x2e, 0x01, 0x22, 0x0f, 0x01,
  0x27, 0x26, 0x22, 0x04, 0x8c, 0xfe, 0xe9, 0xfe, 0xf7, 0xe1, 0xbd, 0x84,
  0x4a, 0x4a, 0x84, 0xbd, 0xe1, 0x01, 0x09, 0x01, 0x17, 0x01, 0x09, 0xe0,
  0xbd, 0x84, 0x4a, 0x4a, 0x84, 0xbd, 0xe0, 0xfd, 0x27, 0x1c, 0x1c, 0xbc,
  0xbc, 0x1c, 0x01, 0x37, 0x4f, 0x1d, 0xbc, 0xbc, 0x1b, 0x50, 0x39, 0x1c,
  0xbc, 0xbc, 0x1c, 0x01, 0x37, 0x50, 0x1c, 0xbc, 0xbc, 0x1c, 0x4f, 0xfe,
  0x66, 0x4a, 0x83, 0xbd, 0xe1, 0x01, 0x0a, 0x01, 0x16, 0x01, 0x0a, 0xe1,
  0xbd, 0x83, 0x4a, 0x4a, 0x83, 0xbd, 0xe1, 0xfe, 0xf6, 0xfe, 0xea, 0xfe,
  0xf6, 0xe1, 0xbd, 0x83, 0x04, 0xfa, 0x1c, 0x50, 0x1c, 0xbb, 0xbd, 0x1c,
  0x4e, 0x3a, 0x1d, 0xbb, 0xbb, 0x1c, 0x38, 0x4f, 0x1c, 0xbd, 0xbb, 0x1c,
  0x4f, 0x39, 0x1c, 0xbc, 0xbc, 0x1c, 0x00, 0x03, 0x00, 0x00, 0xfe, 0x66,
  0x08, 0x00, 0x06, 0x66, 0x00, 0x17, 0x00, 0x30, 0x00, 0x38, 0x00, 0x00,
  0x00, 0x20, 0x24, 0x2e, 0x02, 0x02, 0x10, 0x12, 0x3e, 0x02, 0x24, 0x20,
  0x04, 0x1e, 0x02, 0x12, 0x10, 0x02, 0x0e, 0x02, 0x01, 0x22, 0x06, 0x14,
  0x16, 0x33, 0x21, 0x32, 0x36, 0x34, 0x26, 0x2b, 0x01, 0x11, 0x34, 0x26,
  0x2b, 0x01, 0x22, 0x06, 0x14, 0x16, 0x3b, 0x01, 0x11, 0x12, 0x22, 0x06,
  0x14, 0x16, 0x32, 0x36, 0x34, 0x04, 0x8c, 0xfe, 0xe9, 0xfe, 0xf7, 0xe1,
  0xbd, 0x84, 0x4a, 0x4a, 0x84, 0xbd, 0xe1, 0x01, 0x09, 0x01, 0x17, 0x01,
  0x09, 0xe0, 0xbd, 0x84, 0x4a, 0x4a, 0x84, 0xbd, 0xe0, 0xfd, 0xcb, 0x27,
  0x39, 0x39, 0x27, 0x01, 0x40, 0x28, 0x38, 0x38, 0x28, 0x20, 0x38, 0x28,
  0xc0, 0x27, 0x39, 0x39, 0x27, 0x60, 0x75, 0x69, 0x4c, 0x4c, 0x69, 0x4b,
  0xfe, 0x66, 0x4a, 0x83, 0xbd, 0xe1, 0x01, 0x0a, 0x01, 0x16, 0x01, 0x0a,
  0xe1, 0xbd, 0x83, 0x4a, 0x4a, 0x83, 0xbd, 0xe1, 0xfe, 0xf6, 0xfe, 0xea,
  0xfe, 0xf6, 0xe1, 0xbd, 0x83, 0x02, 0x76, 0x38, 0x50, 0x38, 0x38, 0x50,
  0x38, 0x01, 0x60, 0x28, 0x38, 0x38, 0x50, 0x38, 0xff, 0x00, 0x03, 0x40,
  0x4c, 0x69, 0x4c, 0x4c, 0x6a, 0x00, 0x00, 0x01, 0x00, 0x00, 0xfe, 0x66,
  0x08, 0x00, 0x06, 0x66, 0x00, 0x1b, 0x00, 0x00, 0x01, 0x11, 0x21, 0x32,
  0x16, 0x14, 0x06, 0x23, 0x21, 0x11, 0x14, 0x06, 0x22, 0x26, 0x35, 0x11,
  0x21, 0x22, 0x26, 0x34, 0x36, 0x33, 0x21, 0x11, 0x34, 0x36, 0x32, 0x16,
  0x04, 0x9c, 0x02, 0xc6, 0x41, 0x5d, 0x5d, 0x41, 0xfd, 0x3a, 0x5b, 0x83,
  0x5c, 0xfd, 0x3c, 0x42, 0x5c, 0x5c, 0x42, 0x02, 0xc4, 0x5c, 0x83, 0x5b,
  0x05, 0xc9, 0xfd, 0x3a, 0x5c, 0x82, 0x5c, 0xfd, 0x3a, 0x41, 0x5c, 0x5c,
  0x41, 0x02, 0xc6, 0x5c, 0x82, 0x5c, 0x02, 0xc6, 0x41, 0x5c, 0x5c, 0x00,
  0x00, 0x03, 0x00, 0x00, 0xfe, 0xe6, 0x08, 0x00, 0x05, 0xe6, 0x00, 0x13,
  0x00, 0x1f, 0x00, 0x27, 0x00, 0x00, 0x01, 0x32, 0x16, 0x17, 0x01, 0x16,
  0x14, 0x0e, 0x01, 0x23, 0x21, 0x22, 0x26, 0x27, 0x26, 0x34, 0x37, 0x01,
  0x3e, 0x01, 0x12, 0x22, 0x06, 0x15, 0x11, 0x14, 0x16, 0x32, 0x36, 0x35,
  0x11, 0x34, 0x12, 0x34, 0x26, 0x22, 0x06, 0x14, 0x16, 0x32, 0x03, 0xff,
  0x2a, 0x4c, 0x15, 0x03, 0x5f, 0x16, 0x2a, 0x4a, 0x2b, 0xf9, 0x40, 0x2b,
  0x4a, 0x15, 0x15, 0x15, 0x03, 0x60, 0x16, 0x49, 0x52, 0x4f, 0x38, 0x38,
  0x4f, 0x39, 0x1f, 0x4b, 0x69, 0x4b, 0x4b, 0x69, 0x05, 0xe6, 0x2b, 0x25,
  0xfa, 0x40, 0x25, 0x56, 0x4a, 0x2b, 0x2b, 0x25, 0x26, 0x55, 0x25, 0x05,
  0xc0, 0x25, 0x2b, 0xfe, 0x00, 0x38, 0x28, 0xfe, 0x3f, 0x28, 0x37, 0x37,
  0x28, 0x01, 0xc1, 0x28, 0xfc, 0x83, 0x69, 0x4c, 0x4b, 0x6a, 0x4c, 0x00,
  0x00, 0x01, 0x00, 0x00, 0xfe, 0xe6, 0x08, 0x00, 0x05, 0xe6, 0x00, 0x16,
  0x00, 0x00, 0x01, 0x22, 0x26, 0x35, 0x11, 0x34, 0x36, 0x33, 0x21, 0x32,
  0x16, 0x1f, 0x01, 0x16, 0x33, 0x21, 0x32, 0x16, 0x15, 0x11, 0x14, 0x06,
  0x23, 0x01, 0x00, 0x69, 0x97, 0x97, 0x69, 0x02, 0x00, 0x3c, 0x6d, 0x25,
  0x4c, 0x25, 0x41, 0x02, 0x80, 0x69, 0x97, 0x97, 0x69, 0xfe, 0xe6, 0x95,
  0x6a, 0x05, 0x01, 0x6a, 0x96, 0x36, 0x30, 0x67, 0x33, 0x96, 0x6a, 0xfb,
  0xff, 0x6a, 0x95, 0x00, 0x00, 0x02, 0xff, 0xef, 0xff, 0x49, 0x08, 0x11,
  0x05, 0x83, 0x00, 0x13, 0x00, 0x27, 0x00, 0x00, 0x09, 0x01, 0x11, 0x34,
  0x36, 0x33, 0x21, 0x32, 0x1f, 0x01, 0x16, 0x33, 0x21, 0x32, 0x16, 0x1d,
  0x01, 0x21, 0x22, 0x06, 0x17, 0x3e, 0x01, 0x33, 0x21, 0x32, 0x16, 0x17,
  0x16, 0x07, 0x01, 0x0e, 0x01, 0x23, 0x21, 0x22, 0x26, 0x27, 0x26, 0x37,
  0x01, 0x3c, 0xfe, 0xc4, 0x86, 0x5e, 0x01, 0xa2, 0x5e, 0x42, 0x5e, 0x42,
  0x60, 0x01, 0xa0, 0x5e, 0x86, 0xfb, 0x56, 0x3c, 0x69, 0x43, 0x0e, 0x36,
  0x1e, 0x05, 0x8e, 0x1f, 0x35, 0x0e, 0x20, 0x20, 0xfe, 0x72, 0x0f, 0x35,
  0x1e, 0xfa, 0x72, 0x1e, 0x36, 0x0e, 0x20, 0x20, 0x02, 0xd8, 0xfd, 0xe4,
  0x03, 0xe4, 0x5d, 0x85, 0x42, 0x5e, 0x42, 0x86, 0x5e, 0x72, 0x3d, 0x6d,
  0x1a, 0x1e, 0x1f, 0x1b, 0x38, 0x3a, 0xfd, 0x56, 0x1b, 0x1d, 0x1f, 0x1b,
  0x38, 0x3a, 0x00, 0x02, 0x00, 0x00, 0xfe, 0x66, 0x08, 0x00, 0x06, 0x66,
  0x00, 0x2c, 0x00, 0x34, 0x00, 0x00, 0x01, 0x22, 0x27, 0x01, 0x0e, 0x01,
  0x23, 0x22, 0x26, 0x35, 0x34, 0x37, 0x01, 0x26, 0x35, 0x34, 0x3e, 0x02,
  0x33, 0x32, 0x17, 0x1e, 0x01, 0x07, 0x01, 0x06, 0x1d, 0x01, 0x14, 0x16,
  0x3b, 0x01, 0x32, 0x37, 0x01, 0x36, 0x16, 0x17, 0x16, 0x15, 0x14, 0x0e,
  0x02, 0x00, 0x22, 0x06, 0x14, 0x16, 0x32, 0x36, 0x34, 0x05, 0x80, 0x73,
  0x67, 0xfd, 0x2a, 0x26, 0x64, 0x36, 0x6f, 0xa1, 0x50, 0x02, 0xd6, 0x26,
  0x66, 0xab, 0xed, 0x82, 0x5a, 0x58, 0x1f, 0x0c, 0x17, 0xfe, 0xce, 0x14,
  0x26, 0x1a, 0xe6, 0x18, 0x14, 0x01, 0x34, 0x18, 0x41, 0x09, 0x18, 0x66,
  0xab, 0xec, 0xfb, 0x65, 0x4f, 0x39, 0x39, 0x4f, 0x38, 0x01, 0x66, 0x26,
  0xfd, 0x29, 0x26, 0x29, 0xa0, 0x70, 0x70, 0x4f, 0x02, 0xd6, 0x67, 0x74,
  0x82, 0xed, 0xab, 0x66, 0x19, 0x09, 0x41, 0x17, 0xfe, 0xcd, 0x13, 0x1b,
  0xe5, 0x1a, 0x27, 0x14, 0x01, 0x33, 0x18, 0x0d, 0x20, 0x54, 0x5d, 0x82,
  0xed, 0xac, 0x65, 0xfe, 0xa0, 0x39, 0x50, 0x37, 0x37, 0x50, 0x00, 0x01,
  0x00, 0xfa, 0xfe, 0x63, 0x07, 0x06, 0x06, 0x69, 0x00, 0x1c, 0x00, 0x00,
  0x09, 0x01, 0x21, 0x32, 0x16, 0x17, 0x16, 0x06, 0x07, 0x01, 0x0e, 0x01,
  0x2e, 0x01, 0x37, 0x01, 0x21, 0x22, 0x26, 0x27, 0x26, 0x36, 0x37, 0x01,
  0x3e, 0x01, 0x17, 0x1e, 0x01, 0x05, 0xf5, 0xfe, 0xcc, 0x01, 0xbf, 0x28,
  0x43, 0x0d, 0x0e, 0x14, 0x1e, 0xfc, 0x01, 0x22, 0x5a, 0x4a, 0x17, 0x12,
  0x01, 0x34, 0xfe, 0x42, 0x28, 0x42, 0x0e, 0x0e, 0x13, 0x1e, 0x04, 0x01,
  0x22, 0x58, 0x25, 0x25, 0x17, 0x05, 0xb4, 0xfd, 0x31, 0x2d, 0x25, 0x25,
  0x4f, 0x1a, 0xfc, 0x80, 0x1d, 0x04, 0x34, 0x57, 0x29, 0x02, 0xce, 0x2e,
  0x25, 0x26, 0x4d, 0x1a, 0x03, 0x80, 0x1e, 0x04, 0x1a, 0x1a, 0x57, 0x00,
  0x00, 0x03, 0x01, 0x40, 0xfe, 0x66, 0x06, 0xc0, 0x06, 0x66, 0x00, 0x34,
  0x00, 0x44, 0x00, 0x4c, 0x00, 0x00, 0x01, 0x36, 0x35, 0x34, 0x00, 0x20,
  0x00, 0x15, 0x14, 0x17, 0x1e, 0x01, 0x17, 0x16, 0x17, 0x16, 0x17, 0x23,
  0x26, 0x27, 0x26, 0x27, 0x31, 0x26, 0x27, 0x26, 0x35, 0x34, 0x12, 0x36,
  0x24, 0x20, 0x04, 0x16, 0x12, 0x15, 0x14, 0x07, 0x06, 0x07, 0x31, 0x06,
  0x07, 0x06, 0x07, 0x23, 0x36, 0x37, 0x36, 0x37, 0x31, 0x3e, 0x01, 0x01,
  0x22, 0x06, 0x15, 0x14, 0x06, 0x22, 0x26, 0x35, 0x34, 0x36, 0x33, 0x32,
  0x16, 0x14, 0x06, 0x12, 0x20, 0x26, 0x3d, 0x01, 0x21, 0x15, 0x14, 0x05,
  0xa4, 0x5c, 0xfe, 0xd4, 0xfe, 0x58, 0xfe, 0xd4, 0x5b, 0x07, 0x24, 0x09,
  0x6d, 0x32, 0x35, 0x13, 0xc3, 0x10, 0x1e, 0x2d, 0x5d, 0x2a, 0x13, 0x7e,
  0x6f, 0xbd, 0x01, 0x05, 0x01, 0x1e, 0x01, 0x05, 0xbd, 0x6f, 0x7e, 0x13,
  0x2a, 0x62, 0x28, 0x21, 0x0f, 0xc2, 0x13, 0x37, 0x35, 0x69, 0x09, 0x22,
  0xfe, 0x64, 0x50, 0x70, 0x26, 0x34, 0x26, 0xbb, 0x85, 0x1a, 0x26, 0x26,
  0x6b, 0xfe, 0xf6, 0xbb, 0x02, 0x7f, 0x02, 0x82, 0x84, 0xa0, 0xd4, 0x01,
  0x2c, 0xfe, 0xd4, 0xd4, 0xa1, 0x83, 0x0b, 0x2f, 0x0d, 0x93, 0x5c, 0x61,
  0x85, 0x54, 0x36, 0x50, 0x80, 0x38, 0x1d, 0xb4, 0xdd, 0x8f, 0x01, 0x05,
  0xbd, 0x6f, 0x6f, 0xbd, 0xfe, 0xfb, 0x8f, 0xdc, 0xb6, 0x1d, 0x38, 0x86,
  0x49, 0x3c, 0x4e, 0x7f, 0x67, 0x61, 0x8e, 0x0d, 0x2f, 0x01, 0xef, 0x70,
  0x50, 0x1a, 0x27, 0x27, 0x1a, 0x85, 0xbb, 0x26, 0x34, 0x26, 0xfa, 0x00,
  0xba, 0x85, 0x40, 0x40, 0x85, 0x00, 0x00, 0x02, 0x00, 0x00, 0xfe, 0x66,
  0x08, 0x00, 0x06, 0x66, 0x00, 0x0f, 0x00, 0x2c, 0x00, 0x00, 0x01, 0x21,
  0x32, 0x16, 0x15, 0x11, 0x14, 0x06, 0x23, 0x21, 0x22, 0x26, 0x35, 0x11,
  0x34, 0x36, 0x01, 0x34, 0x26, 0x22, 0x06, 0x15, 0x11, 0x21, 0x11, 0x34,
  0x26, 0x22, 0x06, 0x15, 0x11, 0x14, 0x16, 0x32, 0x36, 0x35, 0x11, 0x21,
  0x11, 0x14, 0x16, 0x32, 0x36, 0x35, 0x11, 0x01, 0x24, 0x05, 0xb8, 0x78,
  0xac, 0xac, 0x78, 0xfa, 0x48, 0x78, 0xac, 0xac, 0x05, 0x54, 0x40, 0x5b,
  0x41, 0xfd, 0xb8, 0x41, 0x5b, 0x40, 0x40, 0x5b, 0x41, 0x02, 0x48, 0x41,
  0x5b, 0x40, 0x06, 0x66, 0xab, 0x79, 0xfa, 0x48, 0x79, 0xab, 0xab, 0x79,
  0x05, 0xb8, 0x79, 0xab, 0xfd, 0xdc, 0x2e, 0x40, 0x40, 0x2e, 0xfe, 0x92,
  0x01, 0x6e, 0x2e, 0x40, 0x40, 0x2e, 0xfc, 0x49, 0x2e, 0x3f, 0x3f, 0x2e,
  0x01, 0x6e, 0xfe, 0x92, 0x2e, 0x3f, 0x3f, 0x2e, 0x01, 0xdb, 0x00, 0x02,
  0x00, 0x00, 0xfe, 0x66, 0x08, 0x00, 0x06, 0x66, 0x00, 0x17, 0x00, 0x2f,
  0x00, 0x00, 0x00, 0x34, 0x2e, 0x04, 0x22, 0x0e, 0x04, 0x14, 0x1e, 0x04,
  0x32, 0x3e, 0x03, 0x24, 0x10, 0x12, 0x3e, 0x02, 0x24, 0x20, 0x04, 0x1e,
  0x02, 0x12, 0x10, 0x02, 0x0e, 0x02, 0x04, 0x20, 0x24, 0x2e, 0x02, 0x07,
  0x40, 0x3c, 0x6b, 0x9a, 0xb6, 0xd8, 0xe2, 0xd7, 0xb7, 0x99, 0x6c, 0x3c,
  0x3c, 0x6c, 0x99, 0xb7, 0xd8, 0xe1, 0xd8, 0xb6, 0x9a, 0x6b, 0xf8, 0xfc,
  0x4a, 0x84, 0xbd, 0xe1, 0x01, 0x09, 0x01, 0x17, 0x01, 0x09, 0xe0, 0xbd,
  0x84, 0x4a, 0x4a, 0x84, 0xbd, 0xe0, 0xfe, 0xf7, 0xfe, 0xe9, 0xfe, 0xf7,
  0xe1, 0xbd, 0x84, 0x01, 0xf5, 0xe2, 0xd8, 0xb6, 0x9a, 0x6b, 0x3c, 0x3c,
  0x6b, 0x9a, 0xb6, 0xd8, 0xe2, 0xd8, 0xb6, 0x9a, 0x6c, 0x3c, 0x3c, 0x6c,
  0x9a, 0xb6, 0xbe, 0x01, 0x16, 0x01, 0x0a, 0xe1, 0xbd, 0x83, 0x4a, 0x4a,
  0x83, 0xbd, 0xe1, 0xfe, 0xf6, 0xfe, 0xea, 0xfe, 0xf6, 0xe1, 0xbd, 0x83,
  0x4a, 0x4a, 0x83, 0xbd, 0xe1, 0x00, 0x00, 0x01, 0x00, 0x00, 0xfe, 0x66,
  0x08, 0x00, 0x06, 0x66, 0x00, 0x17, 0x00, 0x00, 0x00, 0x20, 0x24, 0x2e,
  0x02, 0x02, 0x10, 0x12, 0x3e, 0x02, 0x24, 0x20, 0x04, 0x1e, 0x02, 0x12,
  0x10, 0x02, 0x0e, 0x02, 0x04, 0x8c, 0xfe, 0xe9, 0xfe, 0xf7, 0xe1, 0xbd,
  0x84, 0x4a, 0x4a, 0x84, 0xbd, 0xe1, 0x01, 0x09, 0x01, 0x17, 0x01, 0x09,
  0xe0, 0xbd, 0x84, 0x4a, 0x4a, 0x84, 0xbd, 0xe0, 0xfe, 0x66, 0x4a, 0x83,
  0xbd, 0xe1, 0x01, 0x0a, 0x01, 0x16, 0x01, 0x0a, 0xe1, 0xbd, 0x83, 0x4a,
  0x4a, 0x83, 0xbd, 0xe1, 0xfe, 0xf6, 0xfe, 0xea, 0xfe, 0xf6, 0xe1, 0xbd,
  0x83, 0x00, 0x00, 0x02, 0x01, 0x00, 0xfe, 0x66, 0x07, 0x00, 0x06, 0x66,
  0x00, 0x11, 0x00, 0x14, 0x00, 0x00, 0x01, 0x34, 0x36, 0x33, 0x21, 0x11,
  0x14, 0x16, 0x33, 0x21, 0x11, 0x14, 0x06, 0x23, 0x21, 0x22, 0x26, 0x35,
  0x01, 0x21, 0x11, 0x01, 0x00, 0x96, 0x6a, 0x02, 0x80, 0x4c, 0x34, 0x02,
  0x00, 0x96, 0x6a, 0xfc, 0x00, 0x6a, 0x96, 0x06, 0x00, 0xfe, 0x00, 0x05,
  0x66, 0x6a, 0x96, 0xfe, 0x00, 0x34, 0x4c, 0xfb, 0x7f, 0x6a, 0x95, 0x95,
  0x6a, 0x05, 0x01, 0x02, 0x00, 0x00, 0x00, 0x02, 0x00, 0x01, 0xfe, 0x66,
  0x07, 0xff, 0x06, 0x66, 0x00, 0x0f, 0x00, 0x5f, 0x00, 0x00, 0x00, 0x32,
  0x1e, 0x01, 0x1d, 0x01, 0x14, 0x06, 0x23, 0x21, 0x22, 0x26, 0x3d, 0x01,
  0x34, 0x36, 0x01, 0x36, 0x32, 0x17, 0x01, 0x16, 0x17, 0x36, 0x33, 0x21,
  0x32, 0x17, 0x36, 0x37, 0x01, 0x36, 0x32, 0x16, 0x14, 0x07, 0x01, 0x06,
  0x07, 0x16, 0x17, 0x21, 0x32, 0x16, 0x14, 0x06, 0x23, 0x21, 0x14, 0x07,
  0x16, 0x17, 0x05, 0x16, 0x14, 0x06, 0x22, 0x2f, 0x01, 0x06, 0x07, 0x11,
  0x34, 0x26, 0x22, 0x06, 0x15, 0x11, 0x26, 0x27, 0x07, 0x06, 0x22, 0x26,
  0x34, 0x37, 0x01, 0x36, 0x37, 0x26, 0x35, 0x23, 0x22, 0x26, 0x34, 0x36,
  0x33, 0x21, 0x36, 0x37, 0x26, 0x27, 0x01, 0x26, 0x34, 0x37, 0x03, 0x98,
  0xd0, 0xb2, 0x67, 0x43, 0x2f, 0xfd, 0xe4, 0x2f, 0x43, 0x66, 0xfd, 0xc0,
  0x25, 0x6a, 0x25, 0x01, 0x00, 0x06, 0x02, 0x59, 0x65, 0x01, 0xbf, 0x64,
  0x5a, 0x04, 0x03, 0x01, 0x01, 0x26, 0x6a, 0x4a, 0x25, 0xff, 0x00, 0x05,
  0x03, 0x26, 0x06, 0x01, 0x01, 0x34, 0x4b, 0x4b, 0x34, 0xff, 0x00, 0x3e,
  0x09, 0x0f, 0x01, 0x01, 0x25, 0x4a, 0x6c, 0x25, 0xfc, 0x99, 0xd0, 0x26,
  0x34, 0x26, 0xd0, 0x99, 0xfc, 0x25, 0x6a, 0x4c, 0x26, 0x01, 0x00, 0x0f,
  0x09, 0x3e, 0xff, 0x35, 0x4b, 0x4b, 0x35, 0x01, 0x01, 0x06, 0x27, 0x06,
  0x03, 0xff, 0x00, 0x26, 0x26, 0x06, 0x66, 0x67, 0xb0, 0x68, 0x0e, 0x2f,
  0x43, 0x43, 0x2f, 0x0e, 0x68, 0xb0, 0xfe, 0xc2, 0x25, 0x25, 0xff, 0x00,
  0x06, 0x03, 0x2e, 0x2e, 0x06, 0x03, 0x01, 0x00, 0x25, 0x4b, 0x6a, 0x25,
  0xff, 0x00, 0x05, 0x02, 0x49, 0x56, 0x4b, 0x69, 0x4c, 0x92, 0x80, 0x05,
  0x0f, 0xff, 0x26, 0x6a, 0x4b, 0x26, 0xfc, 0x89, 0x15, 0x03, 0xbc, 0x1a,
  0x26, 0x26, 0x1a, 0xfc, 0x44, 0x15, 0x89, 0xfb, 0x26, 0x4b, 0x6a, 0x26,
  0x00, 0xff, 0x0f, 0x05, 0x82, 0x90, 0x4b, 0x69, 0x4b, 0x54, 0x4b, 0x04,
  0x03, 0x01, 0x00, 0x25, 0x6b, 0x26, 0x00, 0x02, 0x00, 0x00, 0xfe, 0x66,
  0x08, 0x00, 0x06, 0x66, 0x00, 0x11, 0x00, 0x27, 0x00, 0x00, 0x01, 0x22,
  0x06, 0x15, 0x11, 0x14, 0x16, 0x33, 0x21, 0x11, 0x34, 0x36, 0x33, 0x21,
  0x11, 0x34, 0x26, 0x23, 0x01, 0x21, 0x22, 0x26, 0x35, 0x11, 0x34, 0x36,
  0x33, 0x21, 0x32, 0x16, 0x15, 0x11, 0x15, 0x14, 0x06, 0x07, 0x01, 0x0e,
  0x01, 0x23, 0x01, 0x24, 0x1e, 0x2a, 0x2a, 0x1e, 0x04, 0x00, 0x57, 0x3d,
  0x01, 0x6c, 0x2a, 0x1e, 0xfe, 0x48, 0xfc, 0x00, 0x78, 0xac, 0xac, 0x78,
  0x05, 0xb8, 0x78, 0xac, 0x2d, 0x29, 0xfe, 0x62, 0x28, 0x6b, 0x3b, 0x05,
  0x8b, 0x2b, 0x1e, 0xfa, 0x48, 0x1e, 0x2b, 0x01, 0x6f, 0x3c, 0x56, 0x04,
  0x00, 0x1e, 0x2b, 0xf8, 0xdb, 0xab, 0x79, 0x05, 0xb8, 0x79, 0xab, 0xab,
  0x79, 0xfc, 0x00, 0x19, 0x3b, 0x6d, 0x28, 0xfe, 0x63, 0x29, 0x2d, 0x00,
  0x00, 0x08, 0x01, 0x00, 0xfe, 0x66, 0x07, 0x00, 0x06, 0x66, 0x00, 0x3a,
  0x00, 0x4a, 0x00, 0x56, 0x00, 0x62, 0x00, 0x6e, 0x00, 0x7a, 0x00, 0x86,
  0x00, 0x90, 0x00, 0x00, 0x01, 0x11, 0x14, 0x17, 0x16, 0x15, 0x14, 0x06,
  0x23, 0x22, 0x27, 0x2e, 0x01, 0x35, 0x11, 0x34, 0x36, 0x33, 0x21, 0x32,
  0x17, 0x01, 0x16, 0x15, 0x11, 0x14, 0x06, 0x2b, 0x01, 0x22, 0x26, 0x34,
  0x36, 0x3b, 0x01, 0x32, 0x36, 0x35, 0x11, 0x34, 0x27, 0x01, 0x26, 0x23,
  0x21, 0x32, 0x16, 0x14, 0x06, 0x2b, 0x01, 0x22, 0x26, 0x34, 0x36, 0x33,
  0x21, 0x22, 0x06, 0x01, 0x33, 0x32, 0x16, 0x15, 0x11, 0x14, 0x06, 0x23,
  0x21, 0x22, 0x26, 0x35, 0x11, 0x34, 0x36, 0x02, 0x34, 0x36, 0x3b, 0x01,
  0x32, 0x16, 0x14, 0x06, 0x2b, 0x01, 0x22, 0x17, 0x33, 0x32, 0x16, 0x14,
  0x06, 0x2b, 0x01, 0x22, 0x26, 0x34, 0x3e, 0x01, 0x34, 0x36, 0x3b, 0x01,
  0x32, 0x16, 0x14, 0x06, 0x2b, 0x01, 0x22, 0x13, 0x33, 0x32, 0x16, 0x14,
  0x06, 0x2b, 0x01, 0x22, 0x26, 0x34, 0x36, 0x02, 0x34, 0x36, 0x3b, 0x01,
  0x32, 0x16, 0x14, 0x06, 0x2b, 0x01, 0x22, 0x07, 0x11, 0x33, 0x11, 0x34,
  0x26, 0x2b, 0x01, 0x22, 0x06, 0x01, 0xc0, 0x10, 0x30, 0x38, 0x28, 0x19,
  0x17, 0x33, 0x3d, 0x83, 0x5d, 0x02, 0xcb, 0x5c, 0x42, 0x01, 0x75, 0x42,
  0x83, 0x5d, 0x40, 0x28, 0x38, 0x38, 0x28, 0x40, 0x0e, 0x12, 0x09, 0xfe,
  0x8b, 0x09, 0x0e, 0xfe, 0xf5, 0x28, 0x38, 0x38, 0x28, 0x40, 0x28, 0x38,
  0x38, 0x28, 0xfe, 0x80, 0x0e, 0x12, 0x01, 0xe0, 0x40, 0x5d, 0x83, 0x38,
  0x28, 0xfe, 0xc0, 0x28, 0x38, 0x83, 0x43, 0x38, 0x28, 0x40, 0x28, 0x38,
  0x38, 0x28, 0x40, 0x28, 0x28, 0x40, 0x28, 0x38, 0x38, 0x28, 0x40, 0x28,
  0x38, 0x38, 0xc8, 0x38, 0x28, 0x40, 0x28, 0x38, 0x38, 0x28, 0x40, 0x28,
  0x28, 0x40, 0x28, 0x38, 0x38, 0x28, 0x40, 0x28, 0x38, 0x38, 0x38, 0x38,
  0x28, 0x40, 0x28, 0x38, 0x38, 0x28, 0x40, 0x28, 0xb8, 0x80, 0x12, 0x0e,
  0x40, 0x0e, 0x12, 0x05, 0x86, 0xfa, 0x40, 0x12, 0x0a, 0x1c, 0x37, 0x28,
  0x38, 0x0d, 0x1e, 0x67, 0x3d, 0x05, 0xc0, 0x5d, 0x83, 0x42, 0xfe, 0x8b,
  0x42, 0x5c, 0xfb, 0xb5, 0x5d, 0x83, 0x38, 0x50, 0x38, 0x12, 0x0e, 0x04,
  0x4b, 0x0e, 0x09, 0x01, 0x75, 0x09, 0x38, 0x50, 0x38, 0x38, 0x50, 0x38,
  0x12, 0xfb, 0x92, 0x83, 0x5d, 0xfe, 0x80, 0x28, 0x38, 0x38, 0x28, 0x01,
  0x80, 0x5d, 0x83, 0x02, 0x78, 0x50, 0x38, 0x38, 0x50, 0x38, 0xc0, 0x38,
  0x50, 0x38, 0x38, 0x50, 0x38, 0x38, 0x50, 0x38, 0x38, 0x50, 0x38, 0x02,
  0x40, 0x38, 0x50, 0x38, 0x38, 0x50, 0x38, 0xfc, 0x78, 0x50, 0x38, 0x38,
  0x50, 0x38, 0xe0, 0xfe, 0xe0, 0x01, 0x20, 0x0e, 0x12, 0x12, 0x00, 0x06,
  0x00, 0x80, 0xfe, 0x66, 0x07, 0x80, 0x06, 0x66, 0x00, 0x0b, 0x00, 0x1f,
  0x00, 0x2b, 0x00, 0x3f, 0x00, 0x54, 0x00, 0x60, 0x00, 0x00, 0x00, 0x14,
  0x06, 0x23, 0x21, 0x22, 0x26, 0x34, 0x36, 0x33, 0x21, 0x32, 0x05, 0x21,
  0x22, 0x26, 0x34, 0x36, 0x33, 0x21, 0x35, 0x34, 0x36, 0x32, 0x16, 0x15,
  0x11, 0x14, 0x06, 0x22, 0x26, 0x35, 0x13, 0x21, 0x22, 0x26, 0x34, 0x36,
  0x33, 0x21, 0x32, 0x16, 0x14, 0x06, 0x24, 0x14, 0x06, 0x23, 0x21, 0x15,
  0x14, 0x06, 0x22, 0x26, 0x35, 0x11, 0x34, 0x36, 0x32, 0x16, 0x1d, 0x01,
  0x21, 0x32, 0x01, 0x11, 0x14, 0x06, 0x22, 0x26, 0x3d, 0x01, 0x21, 0x22,
  0x26, 0x34, 0x36, 0x33, 0x21, 0x35, 0x34, 0x36, 0x32, 0x16, 0x15, 0x04,
  0x14, 0x06, 0x23, 0x21, 0x22, 0x26, 0x34, 0x36, 0x33, 0x21, 0x32, 0x07,
  0x80, 0x38, 0x28, 0xfe, 0x00, 0x28, 0x38, 0x38, 0x28, 0x02, 0x00, 0x28,
  0xfb, 0xf8, 0xfd, 0xa0, 0x28, 0x38, 0x38, 0x28, 0x02, 0x60, 0x38, 0x50,
  0x38, 0x38, 0x50, 0x38, 0xa0, 0xfd, 0x00, 0x28, 0x38, 0x38, 0x28, 0x03,
  0x00, 0x28, 0x38, 0x38, 0x03, 0x78, 0x38, 0x28, 0xfe, 0xa0, 0x38, 0x50,
  0x38, 0x38, 0x50, 0x38, 0x01, 0x60, 0x28, 0xfb, 0xb8, 0x38, 0x50, 0x38,
  0xfe, 0xa0, 0x28, 0x38, 0x38, 0x28, 0x01, 0x60, 0x38, 0x50, 0x38, 0x04,
  0x80, 0x38, 0x28, 0xfd, 0x00, 0x28, 0x38, 0x38, 0x28, 0x03, 0x00, 0x28,
  0x05, 0x2e, 0x50, 0x38, 0x38, 0x50, 0x38, 0xc0, 0x38, 0x50, 0x38, 0xa0,
  0x28, 0x38, 0x38, 0x28, 0xfe, 0x00, 0x28, 0x38, 0x38, 0x28, 0xfe, 0x00,
  0x38, 0x50, 0x38, 0x38, 0x50, 0x38, 0x88, 0x50, 0x38, 0xa0, 0x28, 0x38,
  0x38, 0x28, 0x02, 0x00, 0x28, 0x38, 0x38, 0x28, 0xa0, 0xfd, 0x00, 0xff,
  0x00, 0x28, 0x38, 0x38, 0x28, 0xa0, 0x38, 0x50, 0x38, 0xa0, 0x28, 0x38,
  0x38, 0x28, 0xd8, 0x50, 0x38, 0x38, 0x50, 0x38, 0x00, 0x03, 0x00, 0x00,
  0xff, 0xe5, 0x08, 0x01, 0x04, 0xe7, 0x00, 0x0f, 0x00, 0x1b, 0x00, 0x22,
  0x00, 0x00, 0x01, 0x32, 0x16, 0x07, 0x11, 0x14, 0x06, 0x23, 0x21, 0x22,
  0x26, 0x35, 0x11, 0x34, 0x36, 0x33, 0x01, 0x11, 0x21, 0x0b, 0x01, 0x21,
  0x11, 0x21, 0x11, 0x17, 0x37, 0x11, 0x05, 0x01, 0x23, 0x11, 0x21, 0x11,
  0x23, 0x07, 0x6d, 0x3d, 0x56, 0x01, 0x55, 0x3e, 0xf9, 0x27, 0x3c, 0x57,
  0x57, 0x3c, 0x03, 0xed, 0xff, 0x00, 0xc0, 0xc0, 0xff, 0x00, 0x01, 0x00,
  0xc0, 0xc0, 0x02, 0x7f, 0x01, 0x41, 0xc0, 0xff, 0x00, 0xc0, 0x04, 0xe6,
  0x57, 0x3d, 0xfc, 0x26, 0x3c, 0x56, 0x57, 0x3d, 0x03, 0xd8, 0x3d, 0x57,
  0xfc, 0x00, 0x03, 0x00, 0xff, 0x00, 0x01, 0x00, 0xfd, 0x00, 0x01, 0x80,
  0xf6, 0xf6, 0xfe, 0x80, 0x40, 0x01, 0xc0, 0x01, 0x80, 0xfe, 0x80, 0x00,
  0x00, 0x04, 0x00, 0xca, 0xfe, 0x66, 0x07, 0x36, 0x06, 0x66, 0x00, 0x02,
  0x00, 0x12, 0x00, 0x16, 0x00, 0x1a, 0x00, 0x00, 0x01, 0x21, 0x01, 0x25,
  0x21, 0x01, 0x11, 0x14, 0x06, 0x23, 0x21, 0x22, 0x27, 0x26, 0x35, 0x11,
  0x34, 0x37, 0x36, 0x01, 0x35, 0x21, 0x15, 0x01, 0x35, 0x21, 0x15, 0x04,
  0x65, 0x02, 0x37, 0xfd, 0xc9, 0xfd, 0x34, 0x03, 0x36, 0x02, 0x67, 0x78,
  0x57, 0xfb, 0x32, 0x56, 0x3c, 0x3d, 0x3d, 0x3c, 0x03, 0xf1, 0xfc, 0x65,
  0x04, 0xce, 0xfb, 0x32, 0x03, 0x9a, 0x02, 0x32, 0x9a, 0xfd, 0x99, 0xfb,
  0x31, 0x52, 0x78, 0x3c, 0x3d, 0x51, 0x06, 0x6c, 0x51, 0x3d, 0x3c, 0xf9,
  0x99, 0xce, 0xce, 0x01, 0x98, 0xcf, 0xcf, 0x00, 0x00, 0x03, 0x00, 0x00,
  0xff, 0x9a, 0x08, 0x00, 0x05, 0x32, 0x00, 0x1e, 0x00, 0x3a, 0x00, 0x3e,
  0x00, 0x00, 0x25, 0x17, 0x06, 0x07, 0x06, 0x23, 0x24, 0x27, 0x26, 0x11,
  0x12, 0x37, 0x36, 0x21, 0x32, 0x17, 0x16, 0x17, 0x07, 0x27, 0x26, 0x23,
  0x22, 0x07, 0x06, 0x07, 0x14, 0x16, 0x33, 0x37, 0x36, 0x01, 0x13, 0x23,
  0x37, 0x33, 0x37, 0x23, 0x37, 0x33, 0x13, 0x33, 0x03, 0x33, 0x13, 0x33,
  0x03, 0x33, 0x07, 0x23, 0x07, 0x33, 0x07, 0x23, 0x03, 0x23, 0x13, 0x23,
  0x03, 0x13, 0x33, 0x37, 0x23, 0x03, 0xca, 0x2c, 0x23, 0x5d, 0x56, 0x76,
  0xfe, 0xab, 0xab, 0xaa, 0x05, 0xc9, 0xcb, 0x01, 0x2f, 0x70, 0x54, 0x59,
  0x25, 0x40, 0x68, 0x3b, 0x57, 0xb0, 0x74, 0x74, 0x04, 0xde, 0xbe, 0x8c,
  0x46, 0x01, 0x1e, 0x3e, 0x9a, 0x26, 0x9a, 0x1e, 0x9a, 0x26, 0x9a, 0x3e,
  0xca, 0x3e, 0x6a, 0x3e, 0xca, 0x3e, 0x9a, 0x22, 0x9a, 0x22, 0x9a, 0x22,
  0x9a, 0x3e, 0xce, 0x3e, 0x66, 0x3e, 0x60, 0x6a, 0x1e, 0x66, 0xcd, 0xfa,
  0x12, 0x14, 0x13, 0x05, 0xc2, 0xc2, 0x01, 0x30, 0x01, 0x60, 0xbf, 0xc0,
  0x13, 0x14, 0x12, 0xff, 0x22, 0x0e, 0x71, 0x70, 0xe8, 0xcf, 0xf0, 0x0a,
  0x11, 0xfe, 0xdd, 0x01, 0x98, 0xcf, 0xca, 0xcf, 0x01, 0x98, 0xfe, 0x68,
  0x01, 0x98, 0xfe, 0x68, 0xcf, 0xca, 0xcf, 0xfe, 0x68, 0x01, 0x98, 0xfe,
  0x68, 0x02, 0x67, 0xca, 0x00, 0x02, 0x00, 0x7e, 0xfe, 0x66, 0x07, 0x82,
  0x06, 0x66, 0x00, 0x0d, 0x00, 0x1f, 0x00, 0x00, 0x01, 0x32, 0x37, 0x36,
  0x35, 0x34, 0x26, 0x23, 0x22, 0x06, 0x15, 0x14, 0x17, 0x16, 0x13, 0x26,
  0x27, 0x26, 0x21, 0x11, 0x20, 0x17, 0x16, 0x17, 0x36, 0x37, 0x36, 0x21,
  0x11, 0x20, 0x07, 0x06, 0x04, 0x00, 0x7d, 0x57, 0x58, 0xae, 0x7e, 0x7e,
  0xae, 0x58, 0x57, 0x7d, 0xb8, 0xe4, 0xe4, 0xfe, 0xfe, 0x01, 0x01, 0xe5,
  0xe1, 0xbb, 0xb9, 0xe3, 0xe5, 0x01, 0x01, 0xfe, 0xfe, 0xe4, 0xe6, 0x04,
  0x0f, 0x59, 0x58, 0x7d, 0x7b, 0xae, 0xae, 0x7b, 0x7d, 0x58, 0x59, 0xfe,
  0xa2, 0xa8, 0x5b, 0x5b, 0xfb, 0xba, 0x5d, 0x5b, 0xab, 0xaa, 0x5c, 0x5d,
  0x04, 0x46, 0x5b, 0x5c, 0x00, 0x03, 0x00, 0x00, 0xfe, 0xf0, 0x08, 0x00,
  0x05, 0xdc, 0x00, 0x03, 0x00, 0x09, 0x00, 0x0f, 0x00, 0x00, 0x01, 0x17,
  0x01, 0x27, 0x09, 0x01, 0x11, 0x09, 0x01, 0x11, 0x09, 0x01, 0x11, 0x09,
  0x01, 0x11, 0x04, 0x58, 0xc0, 0xfe, 0x90, 0xc2, 0x04, 0x04, 0xfe, 0x9e,
  0x02, 0x78, 0xfd, 0x88, 0xfa, 0x78, 0x02, 0x78, 0xfe, 0x9c, 0x01, 0x64,
  0x05, 0xdc, 0x2a, 0xf9, 0x3e, 0x2a, 0x03, 0x4c, 0x01, 0x64, 0x01, 0x14,
  0xfd, 0x88, 0xfd, 0x88, 0x01, 0x1a, 0x01, 0x5e, 0x02, 0x78, 0xfe, 0xec,
  0xfe, 0x9c, 0xfe, 0xa2, 0xfe, 0xe6, 0x00, 0x01, 0x00, 0x00, 0xfe, 0x66,
  0x08, 0x00, 0x06, 0x66, 0x00, 0x5e, 0x00, 0x00, 0x01, 0x21, 0x01, 0x22,
  0x26, 0x35, 0x34, 0x36, 0x32, 0x16, 0x15, 0x01, 0x11, 0x26, 0x34, 0x36,
  0x32, 0x17, 0x16, 0x15, 0x14, 0x07, 0x11, 0x01, 0x34, 0x37, 0x36, 0x33,
  0x32, 0x17, 0x16, 0x15, 0x14, 0x07, 0x06, 0x23, 0x01, 0x21, 0x36, 0x33,
  0x32, 0x16, 0x14, 0x07, 0x06, 0x23, 0x22, 0x27, 0x21, 0x01, 0x32, 0x17,
  0x16, 0x14, 0x06, 0x22, 0x27, 0x26, 0x35, 0x01, 0x11, 0x16, 0x15, 0x14,
  0x07, 0x06, 0x22, 0x26, 0x35, 0x34, 0x37, 0x11, 0x01, 0x14, 0x07, 0x06,
  0x22, 0x27, 0x26, 0x35, 0x34, 0x37, 0x36, 0x33, 0x01, 0x21, 0x06, 0x23,
  0x22, 0x26, 0x34, 0x37, 0x36, 0x33, 0x32, 0x01, 0x3e, 0x01, 0x80, 0xfe,
  0xf2, 0x4c, 0x6e, 0x6e, 0x9a, 0x6e, 0x01, 0x0e, 0x36, 0x6e, 0x9a, 0x38,
  0x38, 0x36, 0x01, 0x0e, 0x36, 0x39, 0x4b, 0x4e, 0x36, 0x38, 0x38, 0x36,
  0x4e, 0xfe, 0xf4, 0x01, 0x80, 0x34, 0x4e, 0x4c, 0x70, 0x38, 0x38, 0x4c,
  0x4e, 0x34, 0xfe, 0x80, 0x01, 0x0c, 0x53, 0x35, 0x34, 0x70, 0x97, 0x39,
  0x36, 0xfe, 0xf2, 0x36, 0x38, 0x38, 0x9a, 0x6e, 0x36, 0xfe, 0xf2, 0x38,
  0x38, 0x98, 0x38, 0x36, 0x34, 0x35, 0x51, 0x01, 0x0e, 0xfe, 0x80, 0x34,
  0x4e, 0x4e, 0x6e, 0x38, 0x38, 0x4c, 0x4c, 0x02, 0xed, 0x01, 0x0d, 0x6e,
  0x4d, 0x4e, 0x6e, 0x6e, 0x4e, 0xfe, 0xf3, 0x01, 0x81, 0x35, 0x9a, 0x6e,
  0x37, 0x38, 0x4c, 0x4d, 0x35, 0xfe, 0x7f, 0x01, 0x0d, 0x53, 0x34, 0x35,
  0x37, 0x38, 0x4d, 0x4c, 0x38, 0x37, 0xfe, 0xf3, 0x35, 0x70, 0x98, 0x38,
  0x37, 0x34, 0xfe, 0xf3, 0x37, 0x38, 0x98, 0x70, 0x35, 0x34, 0x53, 0x01,
  0x0d, 0xfe, 0x7f, 0x35, 0x4c, 0x4d, 0x38, 0x37, 0x6e, 0x4e, 0x4c, 0x35,
  0x01, 0x81, 0xfe, 0xf3, 0x4d, 0x37, 0x38, 0x38, 0x37, 0x4d, 0x4c, 0x38,
  0x37, 0x01, 0x0d, 0x34, 0x6e, 0x9a, 0x37, 0x38, 0x00, 0x0a, 0x00, 0x00,
  0xff, 0x86, 0x08, 0x00, 0x05, 0x46, 0x00, 0x2d, 0x00, 0x39, 0x00, 0x45,
  0x00, 0x51, 0x00, 0x5d, 0x00, 0x6a, 0x00, 0x76, 0x00, 0x82, 0x00, 0x8e,
  0x00, 0x9a, 0x00, 0x00, 0x01, 0x30, 0x35, 0x26, 0x23, 0x22, 0x07, 0x26,
  0x27, 0x26, 0x2f, 0x01, 0x07, 0x06, 0x07, 0x06, 0x17, 0x06, 0x07, 0x06,
  0x23, 0x21, 0x22, 0x07, 0x06, 0x15, 0x14, 0x17, 0x16, 0x17, 0x16, 0x21,
  0x32, 0x37, 0x36, 0x37, 0x36, 0x37, 0x36, 0x37, 0x33, 0x32, 0x37, 0x36,
  0x3f, 0x01, 0x05, 0x33, 0x32, 0x3d, 0x01, 0x34, 0x2b, 0x01, 0x22, 0x1d,
  0x01, 0x14, 0x21, 0x33, 0x32, 0x3d, 0x01, 0x34, 0x2b, 0x01, 0x22, 0x1d,
  0x01, 0x14, 0x21, 0x33, 0x32, 0x3d, 0x01, 0x34, 0x2b, 0x01, 0x22, 0x1d,
  0x01, 0x14, 0x21, 0x33, 0x32, 0x3d, 0x01, 0x34, 0x2b, 0x01, 0x22, 0x1d,
  0x01, 0x14, 0x25, 0x33, 0x32, 0x36, 0x3d, 0x01, 0x34, 0x2b, 0x01, 0x22,
  0x1d, 0x01, 0x14, 0x21, 0x33, 0x32, 0x3d, 0x01, 0x34, 0x2b, 0x01, 0x22,
  0x1d, 0x01, 0x14, 0x21, 0x33, 0x32, 0x3d, 0x01, 0x34, 0x2b, 0x01, 0x22,
  0x1d, 0x01, 0x14, 0x37, 0x33, 0x32, 0x3d, 0x01, 0x34, 0x2b, 0x01, 0x22,
  0x1d, 0x01, 0x14, 0x01, 0x33, 0x32, 0x3d, 0x01, 0x34, 0x2b, 0x01, 0x22,
  0x1d, 0x01, 0x14, 0x07, 0xec, 0x3f, 0x69, 0x21, 0x35, 0x09, 0x45, 0x20,
  0x22, 0x1e, 0x12, 0x2d, 0x09, 0x1d, 0x3f, 0x22, 0x34, 0x28, 0x18, 0xfa,
  0xba, 0x1d, 0x11, 0x10, 0x3a, 0x43, 0x8b, 0x9d, 0x01, 0x27, 0x78, 0x82,
  0xad, 0x99, 0x7f, 0x5f, 0x7c, 0x5c, 0x14, 0x8e, 0x58, 0x26, 0x18, 0x06,
  0xf8, 0xbc, 0xb6, 0x0e, 0x0e, 0xb6, 0x0e, 0x01, 0x08, 0xb6, 0x0e, 0x0e,
  0xb6, 0x10, 0x01, 0x0e, 0xb2, 0x14, 0x14, 0xb2, 0x14, 0x01, 0x0e, 0xb2,
  0x12, 0x12, 0xb2, 0x0e, 0xfe, 0x16, 0xb6, 0x04, 0x0a, 0x0e, 0xb6, 0x10,
  0x01, 0x0e, 0xb2, 0x14, 0x14, 0xb2, 0x14, 0x01, 0x0e, 0xb2, 0x12, 0x12,
  0xb2, 0x0e, 0x0e, 0xb2, 0x12, 0x12, 0xb2, 0x0e, 0x01, 0x08, 0xb6, 0x0e,
  0x0e, 0xb6, 0x0e, 0x03, 0x18, 0x05, 0x2b, 0x0a, 0x5b, 0x49, 0x21, 0x14,
  0x13, 0x1d, 0x3a, 0x3e, 0x7f, 0x63, 0x14, 0x09, 0x09, 0x14, 0x13, 0x18,
  0xbb, 0x9f, 0xb6, 0x57, 0x61, 0x19, 0x1d, 0x56, 0x4e, 0x6d, 0x8b, 0xec,
  0x57, 0x21, 0x35, 0x18, 0x56, 0x13, 0x9f, 0x13, 0x13, 0x9f, 0x13, 0x13,
  0x9f, 0x13, 0x13, 0x9f, 0x13, 0x13, 0x9f, 0x13, 0x13, 0x9f, 0x13, 0x13,
  0x9f, 0x13, 0x13, 0x9f, 0x13, 0xe7, 0x0a, 0x09, 0x9f, 0x13, 0x13, 0x9f,
  0x13, 0x13, 0x9f, 0x13, 0x13, 0x9f, 0x13, 0x13, 0x9f, 0x13, 0x13, 0x9f,
  0x13, 0xeb, 0x0f, 0x9e, 0x14, 0x14, 0x9e, 0x0f, 0xfe, 0x2e, 0x13, 0x9f,
  0x13, 0x13, 0x9f, 0x13, 0x00, 0x01, 0x00, 0x00, 0x00, 0x3f, 0x13, 0x01,
  0x00, 0x84, 0x00, 0x00, 0x00, 0x00, 0x00, 0x02, 0x00, 0x00, 0x00, 0x01,
  0x00, 0x01, 0x00, 0x00, 0x00, 0x40, 0x00, 0x2e, 0x00, 0x00, 0x00, 0x00,
  0x00, 0x00, 0x00, 0x2b, 0x00, 0x2b, 0x00, 0x2b, 0x00, 0x91, 0x01, 0x53,
  0x01, 0xf6, 0x03, 0x22, 0x03, 0x4e, 0x04, 0xac, 0x05, 0x43, 0x05, 0xa4,
  0x05, 0xd8, 0x06, 0x92, 0x07, 0x31, 0x07, 0x7a, 0x09, 0x72, 0x0b, 0x73,
  0x0b, 0xd9, 0x0c, 0x24, 0x0c, 0xe6, 0x0d, 0x25, 0x0d, 0x70, 0x0d, 0xa8,
  0x10, 0xf4, 0x11, 0x1f, 0x11, 0xff, 0x12, 0x5e, 0x12, 0xd2, 0x13, 0x09,
  0x14, 0x48, 0x15, 0x11, 0x1e, 0x61, 0x1f, 0x1a, 0x1f, 0x4b, 0x20, 0x9e,
  0x20, 0xe6, 0x21, 0x63, 0x21, 0x89, 0x21, 0xbf, 0x22, 0x17, 0x22, 0x71,
  0x22, 0x9e, 0x22, 0xe0, 0x23, 0x06, 0x23, 0x47, 0x23, 0x99, 0x23, 0xd0,
  0x24, 0x45, 0x24, 0x89, 0x24, 0xd5, 0x25, 0x03, 0x25, 0x29, 0x25, 0xb9,
  0x25, 0xf8, 0x26, 0xbd, 0x27, 0x46, 0x27, 0x84, 0x27, 0xb8, 0x28, 0x1c,
  0x28, 0x52, 0x28, 0x7d, 0x29, 0x08, 0x29, 0xcc, 0x00, 0x01, 0x00, 0x00,
  0x00, 0x01, 0x00, 0x00, 0x7c, 0xcb, 0x70, 0x51, 0x5f, 0x0f, 0x3c, 0xf5,
  0x00, 0x0b, 0x08, 0x00, 0x00, 0x00, 0x00, 0x00, 0xd4, 0x63, 0xd0, 0x7e,
  0x00, 0x00, 0x00, 0x00, 0xe4, 0x2f, 0xf1, 0xfe, 0xff, 0x85, 0xfe, 0x27,
  0x08, 0x7b, 0x07, 0x0c, 0x00, 0x00, 0x00, 0x08, 0x00, 0x02, 0x00, 0x00,
  0x00, 0x00, 0x00, 0x00, 0x08, 0x00, 0x00, 0x44, 0x00, 0x00, 0x00, 0x00,
  0x08, 0x00, 0x00, 0x00, 0x00, 0x82, 0x00, 0xae, 0x00, 0x15, 0xff, 0xf4,
  0x00, 0x5c, 0x01, 0xa1, 0x00, 0x29, 0x00, 0x00, 0x00, 0x00, 0x00, 0x6f,
  0x00, 0x6f, 0x00, 0x00, 0xff, 0xff, 0x00, 0xfc, 0x00, 0x00, 0x00, 0x00,
  0x00, 0x50, 0x00, 0x00, 0x00, 0x67, 0x00, 0x91, 0x00, 0x06, 0x00, 0x01,
  0x00, 0x00, 0x00, 0x00, 0x00, 0x93, 0x00, 0x78, 0x01, 0x07, 0x00, 0x80,
  0xff, 0xfe, 0x00, 0x00, 0x00, 0x00, 0x00, 0x00, 0x00, 0x00, 0x00, 0x91,
  0x00, 0x00, 0x00, 0x00, 0x00, 0x00, 0x00, 0x00, 0x00, 0x00, 0x00, 0x00,
  0x00, 0x00, 0xff, 0xf0, 0x00, 0x00, 0x00, 0xfa, 0x01, 0x40, 0x00, 0x00,
  0x00, 0x00, 0x00, 0x00, 0x01, 0x00, 0x00, 0x01, 0x00, 0x00, 0x01, 0x00,
  0x00, 0x80, 0x00, 0x00, 0x00, 0xca, 0x00, 0x00, 0x00, 0x7e, 0x00, 0x00,
  0x00, 0x00, 0x00, 0x00, 0x00, 0x01, 0x00, 0x00, 0x06, 0x66, 0xfe, 0x66,
  0x00, 0x00, 0x08, 0x00, 0xff, 0x85, 0xff, 0x86, 0x08, 0x7b, 0x00, 0x01,
  0x00, 0x00, 0x00, 0x00, 0x00, 0x00, 0x00, 0x00, 0x00, 0x00, 0x00, 0x00,
  0x00, 0x00, 0x00, 0x03, 0x00, 0x04, 0x08, 0x00, 0x01, 0x90, 0x00, 0x05,
  0x00, 0x00, 0x05, 0x33, 0x05, 0x99, 0x00, 0x00, 0x01, 0x1e, 0x05, 0x33,
  0x05, 0x99, 0x00, 0x00, 0x03, 0xd7, 0x00, 0x66, 0x02, 0x12, 0x00, 0x00,
  0x02, 0x00, 0x05, 0x09, 0x00, 0x00, 0x00, 0x00, 0x00, 0x00, 0x00, 0x00,
  0x00, 0x00, 0x12, 0x00, 0x00, 0x00, 0x04, 0x00, 0x00, 0x00, 0x00, 0x00,
  0x00, 0x00, 0x50, 0x66, 0x45, 0x64, 0x01, 0xc0, 0xe6, 0x03, 0xff, 0xff,
  0x06, 0x66, 0xfe, 0x66, 0x00, 0x00, 0x06, 0x66, 0x01, 0x9a, 0x00, 0x00,
  0x00, 0x01, 0x00, 0x00, 0x00, 0x00, 0x00, 0x00, 0x00, 0x00, 0x00, 0x00,
  0x00, 0x20, 0x00, 0x01, 0x00, 0x00, 0x00, 0x04, 0x00, 0x00, 0x00, 0x03,
  0x00, 0x00, 0x00, 0x24, 0x00, 0x00, 0x00, 0x04, 0x00, 0x00, 0x01, 0x9c,
  0x00, 0x03, 0x00, 0x01, 0x00, 0x00, 0x00, 0x24, 0x00, 0x03, 0x00, 0x0a,
  0x00, 0x00, 0x01, 0x9c, 0x00, 0x04, 0x01, 0x78, 0x00, 0x00, 0x00, 0x5a,
  0x00, 0x40, 0x00, 0x05, 0x00, 0x1a, 0xe6, 0x03, 0xe6, 0x06, 0xe6, 0x0d,
  0xe6, 0x1e, 0xe6, 0x20, 0xe6, 0x25, 0xe6, 0x28, 0xe6, 0x2b, 0xe6, 0x33,
  0xe6, 0x4a, 0xe6, 0x52, 0xe6, 0x72, 0xe6, 0x8b, 0xe6, 0xb2, 0xe6, 0xb8,
  0xe7, 0x02, 0xe7, 0x06, 0xe7, 0x36, 0xe7, 0x38, 0xe7, 0x60, 0xe7, 0x79,
  0xe7, 0x91, 0xe7, 0x95, 0xe7, 0xba, 0xe8, 0xeb, 0xea, 0xeb, 0xf0, 0x0d,
  0xf0, 0x57, 0xf0, 0x5a, 0xf0, 0x67, 0xf0, 0x71, 0xf0, 0x7c, 0xf0, 0xad,
  0xf0, 0xe7, 0xf0, 0xeb, 0xf0, 0xfd, 0xf1, 0x0c, 0xf1, 0x11, 0xf1, 0x5b,
  0xf1, 0x88, 0xf2, 0x4a, 0xf4, 0x10, 0xf4, 0x62, 0xf4, 0x8a, 0xff, 0xff,
  0x00, 0x00, 0xe6, 0x03, 0xe6, 0x06, 0xe6, 0x08, 0xe6, 0x1d, 0xe6, 0x20,
  0xe6, 0x25, 0xe6, 0x27, 0xe6, 0x2b, 0xe6, 0x33, 0xe6, 0x4a, 0xe6, 0x52,
  0xe6, 0x72, 0xe6, 0x8b, 0xe6, 0xb2, 0xe6, 0xb8, 0xe7, 0x02, 0xe7, 0x06,
  0xe7, 0x36, 0xe7, 0x38, 0xe7, 0x60, 0xe7, 0x79, 0xe7, 0x91, 0xe7, 0x95,
  0xe7, 0xba, 0xe8, 0xeb, 0xea, 0xeb, 0xf0, 0x0c, 0xf0, 0x57, 0xf0, 0x5a,
  0xf0, 0x67, 0xf0, 0x71, 0xf0, 0x7b, 0xf0, 0xad, 0xf0, 0xe7, 0xf0, 0xeb,
  0xf0, 0xfd, 0xf1, 0x0c, 0xf1, 0x11, 0xf1, 0x5b, 0xf1, 0x88, 0xf2, 0x4a,
  0xf4, 0x10, 0xf4, 0x62, 0xf4, 0x8a, 0xff, 0xff, 0x1a, 0x01, 0x19, 0xff,
  0x19, 0xfe, 0x19, 0xef, 0x19, 0xee, 0x19, 0xea, 0x19, 0xe9, 0x19, 0xe7,
  0x19, 0xe0, 0x19, 0xca, 0x19, 0xc3, 0x19, 0xa4, 0x19, 0x8c, 0x19, 0x66,
  0x19, 0x61, 0x19, 0x18, 0x19, 0x15, 0x18, 0xe6, 0x18, 0xe5, 0x18, 0xbe,
  0x18, 0xa6, 0x18, 0x8f, 0x18, 0x8c, 0x18, 0x68, 0x17, 0x38, 0x15, 0x39,
  0x10, 0x19, 0x0f, 0xd0, 0x0f, 0xce, 0x0f, 0xc2, 0x0f, 0xb9, 0x0f, 0xb0,
  0x0f, 0x80, 0x0f, 0x47, 0x0f, 0x44, 0x0f, 0x33, 0x0f, 0x25, 0x0f, 0x21,
  0x0e, 0xd8, 0x0e, 0xac, 0x0d, 0xeb, 0x0c, 0x26, 0x0b, 0xd5, 0x0b, 0xae,
  0x00, 0x01, 0x00, 0x00, 0x00, 0x00, 0x00, 0x00, 0x00, 0x00, 0x00, 0x00,
  0x00, 0x00, 0x00, 0x00, 0x00, 0x00, 0x00, 0x00, 0x00, 0x00, 0x00, 0x00,
  0x00, 0x00, 0x00, 0x00, 0x00, 0x00, 0x00, 0x00, 0x00, 0x00, 0x00, 0x00,
  0x00, 0x00, 0x00, 0x00, 0x00, 0x00, 0x00, 0x00, 0x00, 0x00, 0x00, 0x00,
  0x00, 0x00, 0x00, 0x00, 0x00, 0x00, 0x00, 0x00, 0x00, 0x00, 0x00, 0x00,
  0x00, 0x00, 0x00, 0x00, 0x00, 0x00, 0x00, 0x00, 0x00, 0x00, 0x00, 0x00,
  0x00, 0x00, 0x00, 0x00, 0x00, 0x00, 0x00, 0x00, 0x00, 0x00, 0x00, 0x00,
  0x00, 0x00, 0x00, 0x00, 0x00, 0x00, 0x00, 0x00, 0x00, 0x0c, 0x00, 0x00,
  0x00, 0x00, 0x02, 0x68, 0x00, 0x00, 0x00, 0x00, 0x00, 0x00, 0x00, 0x32,
  0x00, 0x00, 0xe6, 0x03, 0x00, 0x00, 0xe6, 0x03, 0x00, 0x00, 0x00, 0x04,
  0x00, 0x00, 0xe6, 0x06, 0x00, 0x00, 0xe6, 0x06, 0x00, 0x00, 0x00, 0x05,
  0x00, 0x00, 0xe6, 0x08, 0x00, 0x00, 0xe6, 0x0d, 0x00, 0x00, 0x00, 0x06,
  0x00, 0x00, 0xe6, 0x1d, 0x00, 0x00, 0xe6, 0x1e, 0x00, 0x00, 0x00, 0x0c,
  0x00, 0x00, 0xe6, 0x20, 0x00, 0x00, 0xe6, 0x20, 0x00, 0x00, 0x00, 0x0e,
  0x00, 0x00, 0xe6, 0x25, 0x00, 0x00, 0xe6, 0x25, 0x00, 0x00, 0x00, 0x0f,
  0x00, 0x00, 0xe6, 0x27, 0x00, 0x00, 0xe6, 0x28, 0x00, 0x00, 0x00, 0x10,
  0x00, 0x00, 0xe6, 0x2b, 0x00, 0x00, 0xe6, 0x2b, 0x00, 0x00, 0x00, 0x12,
  0x00, 0x00, 0xe6, 0x33, 0x00, 0x00, 0xe6, 0x33, 0x00, 0x00, 0x00, 0x13,
  0x00, 0x00, 0xe6, 0x4a, 0x00, 0x00, 0xe6, 0x4a, 0x00, 0x00, 0x00, 0x14,
  0x00, 0x00, 0xe6, 0x52, 0x00, 0x00, 0xe6, 0x52, 0x00, 0x00, 0x00, 0x15,
  0x00, 0x00, 0xe6, 0x72, 0x00, 0x00, 0xe6, 0x72, 0x00, 0x00, 0x00, 0x16,
  0x00, 0x00, 0xe6, 0x8b, 0x00, 0x00, 0xe6, 0x8b, 0x00, 0x00, 0x00, 0x17,
  0x00, 0x00, 0xe6, 0xb2, 0x00, 0x00, 0xe6, 0xb2, 0x00, 0x00, 0x00, 0x18,
  0x00, 0x00, 0xe6, 0xb8, 0x00, 0x00, 0xe6, 0xb8, 0x00, 0x00, 0x00, 0x19,
  0x00, 0x00, 0xe7, 0x02, 0x00, 0x00, 0xe7, 0x02, 0x00, 0x00, 0x00, 0x1a,
  0x00, 0x00, 0xe7, 0x06, 0x00, 0x00, 0xe7, 0x06, 0x00, 0x00, 0x00, 0x1b,
  0x00, 0x00, 0xe7, 0x36, 0x00, 0x00, 0xe7, 0x36, 0x00, 0x00, 0x00, 0x1c,
  0x00, 0x00, 0xe7, 0x38, 0x00, 0x00, 0xe7, 0x38, 0x00, 0x00, 0x00, 0x1d,
  0x00, 0x00, 0xe7, 0x60, 0x00, 0x00, 0xe7, 0x60, 0x00, 0x00, 0x00, 0x1e,
  0x00, 0x00, 0xe7, 0x79, 0x00, 0x00, 0xe7, 0x79, 0x00, 0x00, 0x00, 0x1f,
  0x00, 0x00, 0xe7, 0x91, 0x00, 0x00, 0xe7, 0x91, 0x00, 0x00, 0x00, 0x20,
  0x00, 0x00, 0xe7, 0x95, 0x00, 0x00, 0xe7, 0x95, 0x00, 0x00, 0x00, 0x21,
  0x00, 0x00, 0xe7, 0xba, 0x00, 0x00, 0xe7, 0xba, 0x00, 0x00, 0x00, 0x22,
  0x00, 0x00, 0xe8, 0xeb, 0x00, 0x00, 0xe8, 0xeb, 0x00, 0x00, 0x00, 0x23,
  0x00, 0x00, 0xea, 0xeb, 0x00, 0x00, 0xea, 0xeb, 0x00, 0x00, 0x00, 0x24,
  0x00, 0x00, 0xf0, 0x0c, 0x00, 0x00, 0xf0, 0x0d, 0x00, 0x00, 0x00, 0x25,
  0x00, 0x00, 0xf0, 0x57, 0x00, 0x00, 0xf0, 0x57, 0x00, 0x00, 0x00, 0x27,
  0x00, 0x00, 0xf0, 0x5a, 0x00, 0x00, 0xf0, 0x5a, 0x00, 0x00, 0x00, 0x28,
  0x00, 0x00, 0xf0, 0x67, 0x00, 0x00, 0xf0, 0x67, 0x00, 0x00, 0x00, 0x29,
  0x00, 0x00, 0xf0, 0x71, 0x00, 0x00, 0xf0, 0x71, 0x00, 0x00, 0x00, 0x2a,
  0x00, 0x00, 0xf0, 0x7b, 0x00, 0x00, 0xf0, 0x7c, 0x00, 0x00, 0x00, 0x2b,
  0x00, 0x00, 0xf0, 0xad, 0x00, 0x00, 0xf0, 0xad, 0x00, 0x00, 0x00, 0x2d,
  0x00, 0x00, 0xf0, 0xe7, 0x00, 0x00, 0xf0, 0xe7, 0x00, 0x00, 0x00, 0x2e,
  0x00, 0x00, 0xf0, 0xeb, 0x00, 0x00, 0xf0, 0xeb, 0x00, 0x00, 0x00, 0x2f,
  0x00, 0x00, 0xf0, 0xfd, 0x00, 0x00, 0xf0, 0xfd, 0x00, 0x00, 0x00, 0x30,
  0x00, 0x00, 0xf1, 0x0c, 0x00, 0x00, 0xf1, 0x0c, 0x00, 0x00, 0x00, 0x31,
  0x00, 0x00, 0xf1, 0x11, 0x00, 0x00, 0xf1, 0x11, 0x00, 0x00, 0x00, 0x32,
  0x00, 0x00, 0xf1, 0x5b, 0x00, 0x00, 0xf1, 0x5b, 0x00, 0x00, 0x00, 0x33,
  0x00, 0x00, 0xf1, 0x88, 0x00, 0x00, 0xf1, 0x88, 0x00, 0x00, 0x00, 0x34,
  0x00, 0x00, 0xf2, 0x4a, 0x00, 0x00, 0xf2, 0x4a, 0x00, 0x00, 0x00, 0x35,
  0x00, 0x00, 0xf4, 0x10, 0x00, 0x00, 0xf4, 0x10, 0x00, 0x00, 0x00, 0x36,
  0x00, 0x00, 0xf4, 0x62, 0x00, 0x00, 0xf4, 0x62, 0x00, 0x00, 0x00, 0x37,
  0x00, 0x00, 0xf4, 0x8a, 0x00, 0x00, 0xf4, 0x8a, 0x00, 0x00, 0x00, 0x38,
  0x00, 0x0f, 0x02, 0x19, 0x00, 0x0f, 0x02, 0x19, 0x00, 0x00, 0x00, 0x39,
  0x00, 0x0f, 0x03, 0x1b, 0x00, 0x0f, 0x03, 0x1b, 0x00, 0x00, 0x00, 0x3a,
  0x00, 0x0f, 0x03, 0x31, 0x00, 0x0f, 0x03, 0x31, 0x00, 0x00, 0x00, 0x3b,
  0x00, 0x0f, 0x05, 0xc0, 0x00, 0x0f, 0x05, 0xc0, 0x00, 0x00, 0x00, 0x3c,
  0x00, 0x0f, 0x07, 0x21, 0x00, 0x0f, 0x07, 0x21, 0x00, 0x00, 0x00, 0x3d,
  0x00, 0x0f, 0x08, 0x68, 0x00, 0x0f, 0x08, 0x68, 0x00, 0x00, 0x00, 0x3e,
  0x00, 0x44, 0x05, 0x11, 0x00, 0x00, 0x00, 0x07, 0x00, 0x5a, 0x00, 0x03,
  0x00, 0x01, 0x04, 0x09, 0x00, 0x00, 0x00, 0x42, 0x00, 0x00, 0x00, 0x03,
  0x00, 0x01, 0x04, 0x09, 0x00, 0x01, 0x00, 0x2c, 0x00, 0x42, 0x00, 0x03,
  0x00, 0x01, 0x04, 0x09, 0x00, 0x02, 0x00, 0x0e, 0x00, 0x6e, 0x00, 0x03,
  0x00, 0x01, 0x04, 0x09, 0x00, 0x03, 0x00, 0x38, 0x00, 0x7c, 0x00, 0x03,
  0x00, 0x01, 0x04, 0x09, 0x00, 0x04, 0x00, 0x2c, 0x00, 0x42, 0x00, 0x03,
  0x00, 0x01, 0x04, 0x09, 0x00, 0x05, 0x00, 0x40, 0x00, 0xb4, 0x00, 0x03,
  0x00, 0x01, 0x04, 0x09, 0x00, 0x06, 0x00, 0x14, 0x00, 0xf4, 0x00, 0x43,
  0x00, 0x6f, 0x00, 0x70, 0x00, 0x79, 0x00, 0x72, 0x00, 0x69, 0x00, 0x67,
  0x00, 0x68, 0x00, 0x74, 0x00, 0x20, 0x00, 0x28, 0x00, 0x63, 0x00, 0x29,
  0x00, 0x20, 0x00, 0x32, 0x00, 0x30, 0x00, 0x31, 0x00, 0x36, 0x00, 0x2c,
  0x00, 0x20, 0x00, 0x52, 0x00, 0x79, 0x00, 0x61, 0x00, 0x6e, 0x00, 0x20,
  0x00, 0x4d, 0x00, 0x63, 0x00, 0x49, 0x00, 0x6e, 0x00, 0x74, 0x00, 0x79,
  0x00, 0x72, 0x00, 0x65, 0x00, 0x53, 0x00, 0x79, 0x00, 0x6d, 0x00, 0x62,
  0x00, 0x6f, 0x00, 0x6c, 0x00, 0x73, 0x00, 0x20, 0x00, 0x4e, 0x00, 0x65,
  0x00, 0x72, 0x00, 0x64, 0x00, 0x20, 0x00, 0x46, 0x00, 0x6f, 0x00, 0x6e,
  0x00, 0x74, 0x00, 0x20, 0x00, 0x4d, 0x00, 0x6f, 0x00, 0x6e, 0x00, 0x6f,
  0x00, 0x52, 0x00, 0x65, 0x00, 0x67, 0x00, 0x75, 0x00, 0x6c, 0x00, 0x61,
  0x00, 0x72, 0x00, 0x53, 0x00, 0x79, 0x00, 0x6d, 0x00, 0x62, 0x00, 0x6f,
  0x00, 0x6c, 0x00, 0x73, 0x00, 0x20, 0x00, 0x4e, 0x00, 0x65, 0x00, 0x72,
  0x00, 0x64, 0x00, 0x20, 0x00, 0x46, 0x00, 0x6f, 0x00, 0x6e, 0x00, 0x74,
  0x00, 0x20, 0x00, 0x4d, 0x00, 0x6f, 0x00, 0x6e, 0x00, 0x6f, 0x00, 0x20,
  0x00, 0x33, 0x00, 0x2e, 0x00, 0x34, 0x00, 0x2e, 0x00, 0x30, 0x00, 0x56,
  0x00, 0x65, 0x00, 0x72, 0x00, 0x73, 0x00, 0x69, 0x00, 0x6f, 0x00, 0x6e,
  0x00, 0x20, 0x00, 0x30, 0x00, 0x30, 0x00, 0x31, 0x00, 0x2e, 0x00, 0x30,
  0x00, 0x30, 0x00, 0x30, 0x00, 0x3b, 0x00, 0x4e, 0x00, 0x65, 0x00, 0x72,
  0x00, 0x64, 0x00, 0x20, 0x00, 0x46, 0x00, 0x6f, 0x00, 0x6e, 0x00, 0x74,
  0x00, 0x73, 0x00, 0x20, 0x00, 0x33, 0x00, 0x2e, 0x00, 0x34, 0x00, 0x2e,
  0x00, 0x30, 0x00, 0x53, 0x00, 0x79, 0x00, 0x6d, 0x00, 0x62, 0x00, 0x6f,
  0x00, 0x6c, 0x00, 0x73, 0x00, 0x4e, 0x00, 0x46, 0x00, 0x4d, 0x00, 0x00,
  0x00, 0x02, 0x00, 0x00, 0x00, 0x00, 0x00, 0x00, 0xff, 0x01, 0x00, 0x66,
  0x00, 0x00, 0x00, 0x01, 0x00, 0x00, 0x00, 0x00, 0x00, 0x00, 0x00, 0x00,
  0x00, 0x00, 0x00, 0x00, 0x00, 0x00, 0x00, 0x00, 0x00, 0x3f, 0x00, 0x00,
  0x00, 0x01, 0x00, 0x02, 0x01, 0x02, 0x01, 0x03, 0x01, 0x04, 0x01, 0x05,
  0x01, 0x06, 0x01, 0x07, 0x01, 0x08, 0x01, 0x09, 0x01, 0x0a, 0x01, 0x0b,
  0x01, 0x0c, 0x01, 0x0d, 0x01, 0x0e, 0x01, 0x0f, 0x01, 0x10, 0x01, 0x11,
  0x01, 0x12, 0x01, 0x13, 0x01, 0x14, 0x01, 0x15, 0x01, 0x16, 0x01, 0x17,
  0x01, 0x18, 0x01, 0x19, 0x01, 0x1a, 0x01, 0x1b, 0x01, 0x1c, 0x01, 0x1d,
  0x01, 0x1e, 0x01, 0x1f, 0x01, 0x20, 0x01, 0x21, 0x01, 0x22, 0x01, 0x23,
  0x01, 0x24, 0x01, 0x25, 0x01, 0x26, 0x01, 0x27, 0x01, 0x28, 0x01, 0x29,
  0x01, 0x2a, 0x01, 0x2b, 0x01, 0x2c, 0x01, 0x2d, 0x01, 0x2e, 0x01, 0x2f,
  0x01, 0x30, 0x01, 0x31, 0x01, 0x32, 0x01, 0x33, 0x01, 0x34, 0x01, 0x35,
  0x01, 0x36, 0x01, 0x37, 0x01, 0x38, 0x01, 0x39, 0x01, 0x3a, 0x01, 0x3b,
  0x01, 0x3c, 0x01, 0x3d, 0x09, 0x69, 0x65, 0x63, 0x2d, 0x70, 0x6f, 0x77,
  0x65, 0x72, 0x09, 0x73, 0x65, 0x74, 0x69, 0x2d, 0x73, 0x61, 0x73, 0x73,
  0x0b, 0x73, 0x65, 0x74, 0x69, 0x2d, 0x70, 0x79, 0x74, 0x68, 0x6f, 0x6e,
  0x08, 0x73, 0x65, 0x74, 0x69, 0x2d, 0x70, 0x68, 0x70, 0x0d, 0x73, 0x65,
  0x74, 0x69, 0x2d, 0x6d, 0x61, 0x72, 0x6b, 0x64, 0x6f, 0x77, 0x6e, 0x0c,
  0x73, 0x65, 0x74, 0x69, 0x2d, 0x6c, 0x69, 0x63, 0x65, 0x6e, 0x73, 0x65,
  0x09, 0x73, 0x65, 0x74, 0x69, 0x2d, 0x6c, 0x65, 0x73, 0x73, 0x0f, 0x73,
  0x65, 0x74, 0x69, 0x2d, 0x6a, 0x61, 0x76, 0x61, 0x73, 0x63, 0x72, 0x69,
  0x70, 0x74, 0x0a, 0x73, 0x65, 0x74, 0x69, 0x2d, 0x69, 0x6d, 0x61, 0x67,
  0x65, 0x0a, 0x63, 0x75, 0x73, 0x74, 0x6f, 0x6d, 0x2d, 0x63, 0x70, 0x70,
  0x08, 0x63, 0x75, 0x73, 0x74, 0x6f, 0x6d, 0x2d, 0x63, 0x08, 0x73, 0x65,
  0x74, 0x69, 0x2d, 0x6c, 0x75, 0x61, 0x0a, 0x73, 0x65, 0x74, 0x69, 0x2d,
  0x72, 0x65, 0x61, 0x63, 0x74, 0x07, 0x73, 0x65, 0x74, 0x69, 0x2d, 0x67,
  0x6f, 0x0f, 0x73, 0x65, 0x74, 0x69, 0x2d, 0x74, 0x79, 0x70, 0x65, 0x73,
  0x63, 0x72, 0x69, 0x70, 0x74, 0x0a, 0x63, 0x75, 0x73, 0x74, 0x6f, 0x6d,
  0x2d, 0x76, 0x69, 0x6d, 0x0e, 0x63, 0x75, 0x73, 0x74, 0x6f, 0x6d, 0x2d,
  0x6f, 0x72, 0x67, 0x6d, 0x6f, 0x64, 0x65, 0x08, 0x73, 0x65, 0x74, 0x69,
  0x2d, 0x63, 0x73, 0x76, 0x11, 0x73, 0x65, 0x74, 0x69, 0x2d, 0x65, 0x64,
  0x69, 0x74, 0x6f, 0x72, 0x63, 0x6f, 0x6e, 0x66, 0x69, 0x67, 0x09, 0x73,
  0x65, 0x74, 0x69, 0x2d, 0x6c, 0x6f, 0x63, 0x6b, 0x09, 0x73, 0x65, 0x74,
  0x69, 0x2d, 0x72, 0x75, 0x73, 0x74, 0x0b, 0x63, 0x75, 0x73, 0x74, 0x6f,
  0x6d, 0x2d, 0x74, 0x6f, 0x6d, 0x6c, 0x0a, 0x63, 0x75, 0x73, 0x74, 0x6f,
  0x6d, 0x2d, 0x63, 0x73, 0x73, 0x07, 0x64, 0x65, 0x76, 0x2d, 0x67, 0x69,
  0x74, 0x0c, 0x64, 0x65, 0x76, 0x2d, 0x64, 0x61, 0x74, 0x61, 0x62, 0x61,
  0x73, 0x65, 0x09, 0x64, 0x65, 0x76, 0x2d, 0x68, 0x74, 0x6d, 0x6c, 0x35,
  0x08, 0x64, 0x65, 0x76, 0x2d, 0x6a, 0x61, 0x76, 0x61, 0x08, 0x64, 0x65,
  0x76, 0x2d, 0x62, 0x61, 0x73, 0x68, 0x07, 0x64, 0x65, 0x76, 0x2d, 0x67,
  0x6e, 0x75, 0x0e, 0x64, 0x65, 0x76, 0x2d, 0x72, 0x75, 0x62, 0x79, 0x5f,
  0x72, 0x6f, 0x75, 0x67, 0x68, 0x0c, 0x64, 0x65, 0x76, 0x2d, 0x74, 0x65,
  0x72, 0x6d, 0x69, 0x6e, 0x61, 0x6c, 0x09, 0x64, 0x65, 0x76, 0x2d, 0x72,
  0x65, 0x61, 0x63, 0x74, 0x08, 0x64, 0x65, 0x76, 0x2d, 0x79, 0x61, 0x6d,
  0x6c, 0x0c, 0x63, 0x6f, 0x64, 0x2d, 0x66, 0x69, 0x6c, 0x65, 0x5f, 0x70,
  0x64, 0x66, 0x08, 0x66, 0x61, 0x2d, 0x63, 0x68, 0x65, 0x63, 0x6b, 0x08,
  0x66, 0x61, 0x2d, 0x78, 0x6d, 0x61, 0x72, 0x6b, 0x0f, 0x66, 0x61, 0x2d,
  0x74, 0x69, 0x6d, 0x65, 0x73, 0x5f, 0x63, 0x69, 0x72, 0x63, 0x6c, 0x65,
  0x0e, 0x66, 0x61, 0x2d, 0x69, 0x6e, 0x66, 0x6f, 0x5f, 0x63, 0x69, 0x72,
  0x63, 0x6c, 0x65, 0x07, 0x66, 0x61, 0x2d, 0x70, 0x6c, 0x75, 0x73, 0x0a,
  0x66, 0x61, 0x2d, 0x77, 0x61, 0x72, 0x6e, 0x69, 0x6e, 0x67, 0x09, 0x66,
  0x61, 0x2d, 0x66, 0x6f, 0x6c, 0x64, 0x65, 0x72, 0x0e, 0x66, 0x61, 0x2d,
  0x66, 0x6f, 0x6c, 0x64, 0x65, 0x72, 0x5f, 0x6f, 0x70, 0x65, 0x6e, 0x09,
  0x66, 0x61, 0x2d, 0x77, 0x72, 0x65, 0x6e, 0x63, 0x68, 0x08, 0x66, 0x61,
  0x2d, 0x66, 0x6c, 0x61, 0x73, 0x68, 0x0e, 0x66, 0x61, 0x2d, 0x6c, 0x69,
  0x67, 0x68, 0x74, 0x62, 0x75, 0x6c, 0x62, 0x5f, 0x6f, 0x0b, 0x66, 0x61,
  0x2d, 0x73, 0x71, 0x75, 0x61, 0x72, 0x65, 0x5f, 0x68, 0x0b, 0x66, 0x61,
  0x2d, 0x63, 0x69, 0x72, 0x63, 0x6c, 0x65, 0x5f, 0x6f, 0x09, 0x66, 0x61,
  0x2d, 0x63, 0x69, 0x72, 0x63, 0x6c, 0x65, 0x07, 0x66, 0x61, 0x2d, 0x66,
  0x69, 0x6c, 0x65, 0x06, 0x66, 0x61, 0x2d, 0x62, 0x75, 0x67, 0x10, 0x66,
  0x61, 0x2d, 0x73, 0x74, 0x69, 0x63, 0x6b, 0x79, 0x5f, 0x6e, 0x6f, 0x74,
  0x65, 0x5f, 0x6f, 0x0c, 0x6f, 0x63, 0x74, 0x2d, 0x66, 0x69, 0x6c, 0x65,
  0x5f, 0x7a, 0x69, 0x70, 0x0b, 0x6f, 0x63, 0x74, 0x2d, 0x73, 0x6c, 0x69,
  0x64, 0x65, 0x72, 0x73, 0x0c, 0x6f, 0x63, 0x74, 0x2d, 0x6d, 0x61, 0x72,
  0x6b, 0x64, 0x6f, 0x77, 0x6e, 0x10, 0x6d, 0x64, 0x2d, 0x66, 0x69, 0x6c,
  0x65, 0x5f, 0x64, 0x6f, 0x63, 0x75, 0x6d, 0x65, 0x6e, 0x74, 0x12, 0x6d,
  0x64, 0x2d, 0x6c, 0x61, 0x6e, 0x67, 0x75, 0x61, 0x67, 0x65, 0x5f, 0x63,
  0x73, 0x68, 0x61, 0x72, 0x70, 0x0a, 0x6d, 0x64, 0x2d, 0x6c, 0x69, 0x62,
  0x72, 0x61, 0x72, 0x79, 0x06, 0x6d, 0x64, 0x2d, 0x78, 0x6d, 0x6c, 0x06,
  0x6d, 0x64, 0x2d, 0x73, 0x76, 0x67, 0x09, 0x6d, 0x64, 0x2d, 0x64, 0x6f,
  0x63, 0x6b, 0x65, 0x72, 0x00, 0x00, 0x00, 0x01, 0xff, 0xff, 0x00, 0x02,
};

static const unsigned int kIconFontTtfLen = 24324;

#endif  // MEP_ICON_FONT_DATA_H
